Plate,Name,sample_well,EGF1a,Ta54227,VRN1,VRN2,VRN3,Col,Row,Experiment,Plot_ID_Old,Plot_IDNew,SampleDate,Vern,Cult,Pp,is_repeat,VRN1_EGF,VRN1_Ta,VRN2_EGF,VRN2_Ta,VRN3_EGF,VRN3_Ta
GEP1,AMK105,A1,24.035,24.665,NA,31.1,NA,1,A,3,105,300105,2014-02-04T00:00:00Z,none,Amarok,16,FALSE,0,0,0.0074683227937011,0.0115577149160065,0,0
GEP1,AMK157,G1,25.16,24.6466666666667,NA,30.66,NA,1,G,3,157,300157,2014-02-04T00:00:00Z,none,Amarok,16,FALSE,0,0,0.0220970869120796,0.0154812595822692,0,0
GEP1,AMK159,A9,21.715,22.145,NA,29.37,NA,9,A,3,159,300159,2014-02-25T00:00:00Z,none,Amarok,16,FALSE,0,0,0.00496152727554214,0.00668433613814534,0,0
GEP1,AMK190,A11,21.865,22.795,NA,29.5833333333333,NA,11,A,3,190,300190,2014-03-04T00:00:00Z,none,Amarok,16,FALSE,0,0,0.00474843120261316,0.00904707198941353,0,0
GEP1,AMK193,E6,22.5133333333333,23.44,NA,31.56,NA,6,E,3,193,300193,2014-02-18T00:00:00Z,none,Amarok,16,FALSE,0,0,0.00189095839059157,0.00359448301025342,0,0
GEP1,AMK212,A5,22.28,22.89,NA,29.34,NA,5,A,3,212,300212,2014-02-11T00:00:00Z,none,Amarok,16,FALSE,0,0,0.00749425093222863,0.0114381694995752,0,0
GEP1,AMK227,D9,22.2366666666667,23.335,29.61,29.675,NA,9,D,3,227,300227,2014-02-25T00:00:00Z,none,Amarok,16,FALSE,0.00603122455751694,0.0129132862211596,0.00576552087511472,0.0123443954978653,0,0
GEP1,AMK239,C5,22.6166666666667,23.515,NA,30.1266666666667,NA,5,C,3,239,300239,2014-02-18T00:00:00Z,none,Amarok,16,FALSE,0,0,0.00548611279585156,0.0102256285321847,0,0
GEP1,AMK278,B5,21.975,22.34,NA,28.895,NA,5,B,3,278,300278,2014-02-11T00:00:00Z,none,Amarok,16,FALSE,0,0,0.0082579534418858,0.0106352665351521,0,0
GEP1,AMK304,F10,24.46,25.425,NA,33.315,NA,10,F,3,304,300304,2014-03-04T00:00:00Z,none,Amarok,16,FALSE,0,0,0.00215963018226615,0.00421573529884543,0,0
GEP1,AMK306,C2,23.82,23.355,NA,30.53,NA,2,C,3,306,300306,2014-02-04T00:00:00Z,none,Amarok,16,FALSE,0,0,0.00955187716946928,0.00692005874298719,0,0
GEP1,AMK36,C3,21.45,22.365,NA,28.565,NA,3,C,3,36,300036,2014-02-11T00:00:00Z,none,Amarok,16,FALSE,0,0,0.0072139243025734,0.0136023525515019,0,0
GEP1,AMK63,B6,23.765,23.91,NA,31.26,NA,6,B,3,63,300063,2014-02-18T00:00:00Z,none,Amarok,16,FALSE,0,0,0.00554345061015775,0.00612956326481837,0,0
GEP1,AMK75,C8,23.665,24.645,NA,30.435,NA,8,C,3,75,300075,2014-02-25T00:00:00Z,none,Amarok,16,FALSE,0,0,0.00916277304087403,0.0180732528735201,0,0
GEP1,AMK88,C11,21.37,22.43,NA,28.04,NA,11,C,3,88,300088,2014-03-04T00:00:00Z,none,Amarok,16,FALSE,0,0,0.0098204169884518,0.0204748969352869,0,0
GEP1,AMK9,D12,23.885,24.545,NA,32.265,NA,12,D,3,9,300009,2014-03-11T00:00:00Z,none,Amarok,16,FALSE,0,0,0.00300170933845314,0.00474294876716816,0,0
GEP1,BS100,E7,23.74,23.6066666666667,25.0766666666667,NA,31.855,7,E,3,100,300100,2014-02-25T00:00:00Z,none,Batten Spr,16,FALSE,0.395934402639859,0.360982298880623,0,0,0.00360696215128669,0.0032885485087064
GEP1,BS108,H5,21.85,22.645,24.8133333333333,32.17,31.695,5,H,3,108,300108,2014-02-18T00:00:00Z,none,Batten Spr,16,FALSE,0.128217640179252,0.222467526461689,0.000782294802333615,0.00135734201156478,0.00108732579905145,0.00188659439243134
GEP1,BS132,E9,22.1133333333333,22.5233333333333,23.7066666666667,NA,29.5466666666667,9,E,3,132,300132,2014-02-25T00:00:00Z,none,Batten Spr,16,FALSE,0.331404860446632,0.440332936798074,0,0,0.00578553731361939,0.00768716135553213
GEP1,BS139,G5,21.17,21.7733333333333,24.1,33.44,29.7966666666667,5,G,3,139,300139,2014-02-18T00:00:00Z,none,Batten Spr,16,FALSE,0.131214585452883,0.1993441720983,0.000202470592239854,0.000307597912571991,0.00252996533572646,0.00384358067776606
GEP1,BS167,B1,22.93,22.7766666666667,25.88,32.93,34.045,1,B,3,167,300167,2014-02-04T00:00:00Z,none,Batten Spr,16,FALSE,0.129408115480172,0.116359964512235,0.0009765625,0.000878096226209166,0.000450870268910837,0.00040540926119989
GEP1,BS168,H9,23.88,23.725,24.8833333333333,NA,30.175,9,H,3,168,300168,2014-03-04T00:00:00Z,none,Batten Spr,16,FALSE,0.498846088263511,0.448029820955977,0,0,0.012735505193791,0.0114381694995752
GEP1,BS18,C12,21.59,22.355,23.33,NA,26.005,12,C,3,18,300018,2014-03-11T00:00:00Z,none,Batten Spr,16,FALSE,0.299369676154732,0.508739846051344,0,0,0.0468762184151817,0.0796600392074538
GEP1,BS225,C7,21.6666666666667,22.48,24.06,NA,28.87,7,C,3,225,300225,2014-02-18T00:00:00Z,none,Batten Spr,16,FALSE,0.190342109016534,0.334481888696528,0,0,0.00678548036149794,0.0119239000700044
GEP1,BS246,B9,19.2966666666667,19.935,21.24,NA,27.685,9,B,3,246,300246,2014-02-25T00:00:00Z,none,Batten Spr,16,FALSE,0.26001498347212,0.404721108273705,0,0,0.00298442076484075,0.00464534029297939
GEP1,BS252,D10,21.5633333333333,22.26,23.11,NA,27.96,10,D,3,252,300252,2014-03-04T00:00:00Z,none,Batten Spr,16,FALSE,0.342300032237798,0.554784736033923,0,0,0.0118689270643406,0.0192366314585143
GEP1,BS297,H4,20.34,21.375,23.835,29.51,32.565,4,H,3,297,300297,2014-02-11T00:00:00Z,none,Batten Spr,16,FALSE,0.0886952097625238,0.181746564665039,0.00173602086165346,0.00355730403746867,0.000208885504317042,0.000428030137361346
GEP1,BS30,B2,22.845,23.295,26.685,33.485,NA,2,B,3,30,300030,2014-02-04T00:00:00Z,none,Batten Spr,16,FALSE,0.0698304461295136,0.0953912005600349,0.000626672801544387,0.000856060274722692,0,0
GEP1,BS80,B3,20.9233333333333,21.45,24.515,29.835,33.575,3,B,3,80,300080,2014-02-11T00:00:00Z,none,Batten Spr,16,FALSE,0.0829469838961604,0.119493164699218,0.00207644781987892,0.00299132421307496,0.000155406377847338,0.000223877940235515
GEP1,BS93,D11,22.595,22.935,24.1333333333333,NA,28.4133333333333,11,D,3,93,300093,2014-03-04T00:00:00Z,none,Batten Spr,16,FALSE,0.344282956152076,0.435778421941072,0,0,0.0177217718803234,0.0224314496143565
GEP1,BW107,E1,23.275,23.42,NA,29.885,NA,1,E,3,107,300107,2014-02-04T00:00:00Z,none,Batten Win,16,FALSE,0,0,0.0102374484676434,0.01131986058246,0,0
GEP1,BW120,H7,23.795,24.51,NA,31.295,NA,7,H,3,120,300120,2014-02-25T00:00:00Z,none,Batten Win,16,FALSE,0,0,0.0055242717280199,0.00906799933112279,0,0
GEP1,BW154,B4,22.6833333333333,23.1933333333333,32.015,29.4966666666667,NA,4,B,3,154,300154,2014-02-11T00:00:00Z,none,Batten Win,16,FALSE,0.00155198823168783,0.00221010914489941,0.00889164870771737,0.0126621540814053,0,0
GEP1,BW158,B10,21.6066666666667,22.64,NA,30.925,NA,10,B,3,158,300158,2014-03-04T00:00:00Z,none,Batten Win,16,FALSE,0,0,0.00156639813390223,0.00320602190941602,0,0
GEP1,BW207,B7,22.34,22.95,NA,29.825,NA,7,B,3,207,300207,2014-02-18T00:00:00Z,none,Batten Win,16,FALSE,0,0,0.00558200835836363,0.0085195916614473,0,0
GEP1,BW219,F12,25.7266666666667,25.48,NA,NA,NA,12,F,3,219,300219,2014-03-11T00:00:00Z,none,Batten Win,16,FALSE,0,0,0,0,0,0
GEP1,BW238,F8,22.5066666666667,23.4633333333333,NA,31.61,NA,8,F,3,238,300238,2014-02-25T00:00:00Z,none,Batten Win,16,FALSE,0,0,0.00181812444550367,0.00352865312809056,0,0
GEP1,BW280,G10,21.6566666666667,22.34,NA,31.05,NA,10,G,3,280,300280,2014-03-04T00:00:00Z,none,Batten Win,16,FALSE,0,0,0.00148704772669168,0.00238796929236733,0,0
GEP1,BW328,D7,21.5933333333333,22.54,NA,29.115,NA,7,D,3,328,300328,2014-02-18T00:00:00Z,none,Batten Win,16,FALSE,0,0,0.00544192705325084,0.0104888476779708,0,0
GEP1,BW332,D2,21.9,22.55,NA,28.63,NA,2,D,3,332,300332,2014-02-04T00:00:00Z,none,Batten Win,16,FALSE,0,0,0.00942037365383404,0.0147821507300874,0,0
GEP1,BW39,G9,22.3166666666667,22.675,NA,33.15,NA,9,G,3,39,300039,2014-03-04T00:00:00Z,none,Batten Win,16,FALSE,0,0,0.000548077172026061,0.000702604287114659,0,0
GEP1,BW43,B8,21.7733333333333,22.55,31.04,30.13,NA,8,B,3,43,300043,2014-02-25T00:00:00Z,none,Batten Win,16,FALSE,0.00162351151590388,0.00278134803827553,0.00305065200560524,0.00522627951088323,0,0
GEP1,CRWT133,D8,22.3666666666667,23.16,NA,30.675,NA,8,D,3,133,300133,2014-02-25T00:00:00Z,none,CRWT153,16,FALSE,0,0,0.00315458658906266,0.00546713228748123,0,0
GEP1,CRWT140,C1,23.32,24.645,NA,32.59,NA,1,C,3,140,300140,2014-02-04T00:00:00Z,none,CRWT153,16,FALSE,0,0,0.00161976473791884,0.00405804337225651,0,0
GEP1,CRWT175,D5,21.2533333333333,21.8666666666667,NA,29.49,NA,5,D,3,175,300175,2014-02-18T00:00:00Z,none,CRWT153,16,FALSE,0,0,0.00331524988792626,0.00507163511000616,0,0
GEP1,CRWT184,F4,21.7533333333333,23.925,NA,29.985,NA,4,F,3,184,300184,2014-02-11T00:00:00Z,none,CRWT153,16,FALSE,0,0,0.0033267596017833,0.0149885018644572,0,0
GEP1,CRWT186,E10,23.55,23.825,NA,32.88,NA,10,E,3,186,300186,2014-03-04T00:00:00Z,none,CRWT153,16,FALSE,0,0,0.00155378219483383,0.00188006727168312,0,0
GEP1,CRWT223,H12,22.5233333333333,22.5866666666667,NA,33.55,NA,12,H,3,223,300223,2014-03-11T00:00:00Z,none,CRWT153,16,FALSE,0,0,0.000479338796507205,0.000500850156950205,0,0
GEP1,CRWT230,H6,21.745,22.95,NA,29.55,NA,6,H,3,230,300230,2014-02-18T00:00:00Z,none,CRWT153,16,FALSE,0,0,0.00447157875233861,0.0103086555529132,0,0
GEP1,CRWT261,D4,21.49,22.455,NA,28.78,NA,4,D,3,261,300261,2014-02-11T00:00:00Z,none,CRWT153,16,FALSE,0,0,0.00638985983248267,0.0124734122868226,0,0
GEP1,CRWT262,A2,21.185,22.87,NA,29.68,NA,2,A,3,262,300262,2014-02-04T00:00:00Z,none,CRWT153,16,FALSE,0,0,0.00277172530507887,0.00891221653022205,0,0
GEP1,CRWT32,F5,23.6966666666667,24.77,NA,32.005,NA,5,F,3,32,300032,2014-02-18T00:00:00Z,none,CRWT153,16,FALSE,0,0,0.00315458658906267,0.00663816405577072,0,0
GEP1,CRWT37,F7,21.795,23.2,NA,28.65,NA,7,F,3,37,300037,2014-02-25T00:00:00Z,none,CRWT153,16,FALSE,0,0,0.00863852072906462,0.0228763389991504,0,0
GEP1,CRWT64,D1,23.56,24.2366666666667,NA,31.395,NA,1,D,3,64,300064,2014-02-04T00:00:00Z,none,CRWT153,16,FALSE,0,0,0.00437955499229887,0.00700046595243714,0,0
GEP1,CRWT8,C10,22.79,23.3133333333333,NA,30.765,NA,10,C,3,8,300008,2014-03-04T00:00:00Z,none,CRWT153,16,FALSE,0,0,0.00397453004727611,0.00571248161885713,0,0
GEP1,CRWT98,E3,21.5066666666667,21.875,NA,28.7266666666667,NA,3,E,3,98,300098,2014-02-11T00:00:00Z,none,CRWT153,16,FALSE,0,0,0.00670754247216996,0.00865850302558789,0,0
GEP1,OT188,F11,23.825,24.935,25.68,NA,27.3366666666667,11,F,3,188,300188,2014-03-11T00:00:00Z,none,Otane,16,FALSE,0.276432663330067,0.596667871515861,0,0,0.0876764583883959,0.189245819138925
GEP1,OT202,H8,23.87,23.65,23.19,NA,27.43,8,H,3,202,300202,2014-02-25T00:00:00Z,none,Otane,16,FALSE,1.60213975517924,1.37554181813974,0,0,0.0847877704654796,0.0727958491542784
GEP1,OT203,G11,21.695,22.9333333333333,23.495,NA,25.2233333333333,11,G,3,203,300203,2014-03-11T00:00:00Z,none,Otane,16,FALSE,0.287174588749259,0.677519010790553,0,0,0.0866694083718167,0.204475514639445
GEP1,OT211,H1,25.275,23.86,25.935,31.985,33.93,1,H,3,211,300211,2014-02-04T00:00:00Z,none,Otane,16,FALSE,0.632878296985138,0.237335530237629,0.00955187716946928,0.00358204704376825,0.00248076363777107,0.000930310544964782
GEP1,OT235,G2,24.61,24.585,28.6433333333333,32.45,NA,2,G,3,235,300235,2014-02-04T00:00:00Z,none,Otane,16,FALSE,0.0610724980271403,0.0600233090656878,0.0043644028830946,0.00428942505385566,0,0
GEP1,OT241,E4,21.2233333333333,21.71,23.605,30.84,28.34,4,E,3,241,300241,2014-02-11T00:00:00Z,none,Otane,16,FALSE,0.191887592326542,0.268873597614345,0.00127378131813043,0.0017848270512293,0.00720559526239015,0.0100965064893554
GEP1,OT242,A7,21.13,21.915,21.62,NA,25.13,7,A,3,242,300242,2014-02-18T00:00:00Z,none,Otane,16,FALSE,0.712025097798537,1.22688497725381,0,0,0.0625,0.107693269964002
GEP1,OT251,C9,22.82,22.98,23.0233333333333,NA,26.45,9,C,3,251,300251,2014-02-25T00:00:00Z,none,Otane,16,FALSE,0.868541486271736,0.970410231493541,0,0,0.0807720519148431,0.0902455747201559
GEP1,OT323,H11,21.68,22.83,24.515,NA,24.735,11,H,3,323,300323,2014-03-11T00:00:00Z,none,Otane,16,FALSE,0.140145759753564,0.311002913324617,0,0,0.120324305387719,0.267016352011963
GEP1,OT48,E5,21.8966666666667,22.28,22.31,NA,24.76,5,E,3,48,300048,2014-02-18T00:00:00Z,none,Otane,16,FALSE,0.750886451817387,0.979420297586929,0,0,0.13742026417315,0.179244406001979
GEP1,OT55,A4,22.25,22.67,25.76,31.475,NA,4,A,3,55,300055,2014-02-11T00:00:00Z,none,Otane,16,FALSE,0.0877778047336247,0.117440343651751,0.00167108403453633,0.00223578937616931,0,0
GEP1,OT84,A8,24.4633333333333,23.9133333333333,23.85,NA,27.015,8,A,3,84,300084,2014-02-25T00:00:00Z,none,Otane,16,FALSE,1.52978969352399,1.04487715286087,0,0,0.170557882046121,0.116494466490885
GEP1,SCN101,C6,22.21,23.1733333333333,27.3733333333333,30.075,NA,6,C,3,101,300101,2014-02-18T00:00:00Z,none,Saracen,16,FALSE,0.027904984720637,0.0544094102060078,0.00428942505385567,0.00836356262652103,0,0
GEP1,SCN103,G7,28.355,26.06,26.1733333333333,NA,NA,7,G,3,103,300103,2014-02-25T00:00:00Z,none,Saracen,16,FALSE,4.5367736013628,0.92444966021136,0,0,0,0
GEP1,SCN118,F3,22.59,22.895,27.6733333333333,28.805,NA,3,F,3,118,300118,2014-02-11T00:00:00Z,none,Saracen,16,FALSE,0.0294960722713029,0.0364399974060104,0.0134616587455003,0.0166307841008337,0,0
GEP1,SCN123,A12,20.905,22.28,28.035,30.475,NA,12,A,3,123,300123,2014-03-11T00:00:00Z,none,Saracen,16,FALSE,0.0071393082049172,0.0185170745459622,0.0013156577899079,0.00341239412467459,0,0
GEP1,SCN130,D6,21.8533333333333,22.94,29.025,30.25,NA,6,D,3,130,300130,2014-02-18T00:00:00Z,none,Saracen,16,FALSE,0.00693606595881706,0.0147310083737225,0.00296723176608515,0.00630188874392285,0,0
GEP1,SCN180,G8,23.325,24.605,NA,31.645,NA,8,G,3,180,300180,2014-02-25T00:00:00Z,none,Saracen,16,FALSE,0,0,0.00312917920933446,0.00759886677665849,0,0
GEP1,SCN199,H10,25.71,25.65,NA,33.365,33.52,10,H,3,199,300199,2014-03-04T00:00:00Z,none,Saracen,16,FALSE,0,0,0.00496152727554214,0.0047594150924812,0.00445610826511104,0.00427458477054977
GEP1,SCN2,A10,22.195,22.3033333333333,23.665,32.955,30.735,10,A,3,2,300002,2014-03-04T00:00:00Z,none,Saracen,16,FALSE,0.360982298880624,0.389132486587164,0.000576656572963639,0.000621625511389355,0.00268660511355419,0.00289611244528324
GEP1,SCN267,F2,25.3533333333333,25.4266666666667,31.43,32.835,NA,2,F,3,267,300267,2014-02-04T00:00:00Z,none,Saracen,16,FALSE,0.0148163442371015,0.0155889402582347,0.00559492044710089,0.00588666672451005,0,0
GEP1,SCN286,F9,23.5166666666667,24.67,31.275,31.82,NA,9,F,3,286,300286,2014-02-25T00:00:00Z,none,Saracen,16,FALSE,0.00461858510166855,0.0102729903141021,0.00316553852035134,0.00704101923914712,0,0
GEP1,SCN291,H2,22.7266666666667,23.5633333333333,31.4,30.295,NA,2,H,3,291,300291,2014-02-04T00:00:00Z,none,Saracen,16,FALSE,0.00244943829990286,0.00437449845330765,0.00526871430263395,0.0094094970951937,0,0
GEP1,SCN309,B11,25.535,24.7566666666667,27.77,31.64,NA,11,B,3,309,300309,2014-03-04T00:00:00Z,none,Saracen,16,FALSE,0.212421249784663,0.123850076658153,0.0145282022283307,0.00847052242422981,0,0
GEP1,SCN312,G6,21.6833333333333,22.825,28.19,29.755,NA,6,G,3,312,300312,2014-02-18T00:00:00Z,none,Saracen,16,FALSE,0.0109976061252655,0.0242646523437825,0.00371694571453073,0.00820091159080522,0,0
GEP1,SCN326,A3,20.7166666666667,21.435,28.075,28.03,NA,3,A,3,326,300326,2014-02-11T00:00:00Z,none,Saracen,16,FALSE,0.00609425957822946,0.0100267648247102,0.00628734509715554,0.010344444612464,0,0
GEP1,SCN53,G3,22.12,22.895,32.095,29.725,NA,3,G,3,53,300053,2014-02-11T00:00:00Z,none,Saracen,16,FALSE,0.000993632511819031,0.00170029406893774,0.00513649515705106,0.00878951941163131,0,0
GEP1,SCN95,E12,21.56,22.68,27.77,NA,NA,12,E,3,95,300095,2014-03-11T00:00:00Z,none,Saracen,16,FALSE,0.0135083942391854,0.0293600859129378,0,0,0,0
GEP2,AMK117,B1,22.74,25.265,NA,31.33,NA,1,B,3,117,300117,2014-03-11T00:00:00Z,none,Amarok,16,FALSE,0,0,0.00259508948065725,0.0149366455874022,0,0
GEP2,AMK153,D9,26.17,28.655,NA,31.4566666666667,NA,9,D,3,153,300153,2014-04-23T00:00:00Z,none,Amarok,16,FALSE,0,0,0.025618562449696,0.143421511605849,0,0
GEP2,AMK191,G2,28.28,28.525,NA,33.905,NA,2,G,3,191,300191,2014-03-18T00:00:00Z,none,Amarok,16,FALSE,0,0,0.020263118041422,0.0240136747076252,0,0
GEP2,AMK245,G11,24.26,25.745,27.755,NA,29.61,11,G,3,245,300245,2014-05-16T00:00:00Z,full,Amarok,16,FALSE,0.0886952097625236,0.248273123859258,0,0,0.0245182530592734,0.0686308008616905
GEP2,AMK268,C5,25.81,28.57,NA,NA,NA,5,C,3,268,300268,2014-03-25T00:00:00Z,none,Amarok,16,FALSE,0,0,0,0,0,0
GEP2,AMK72,E12,23.9,25.31,29.56,32.295,NA,12,E,3,72,300072,2014-05-16T00:00:00Z,full,Amarok,16,FALSE,0.0197774467807856,0.0525560259533572,0.00297066162742384,0.00789415192567783,0,0
GEP2,AMK86,B9,25.355,26.725,NA,32.16,NA,9,B,3,86,300086,2014-04-23T00:00:00Z,none,Amarok,16,FALSE,0,0,0.00894315750467725,0.0231154298320132,0,0
GEP2,AMK91,C11,24.02,25.6766666666667,28.42,33.01,32.145,11,C,3,91,300091,2014-05-16T00:00:00Z,full,Amarok,16,FALSE,0.0473661427034499,0.149339391894502,0.00196671005870452,0.00620078535925075,0.00358204704376824,0.0112937363424969
GEP2,BS129,B12,23.2,25.39,28.25,NA,31.635,12,B,3,129,300129,2014-05-16T00:00:00Z,full,Batten Spr,16,FALSE,0.0301855102789014,0.137738139484576,0,0,0.00288942872900164,0.0131846218145316
GEP2,BS148,E2,21.48,23.7633333333333,24.55,NA,25.205,2,E,3,148,300148,2014-03-18T00:00:00Z,none,Batten Spr,16,FALSE,0.119079749755492,0.579681895437794,0,0,0.0756246305762059,0.368141764525131
GEP2,BS161,C1,25.41,26.54,26.92,NA,28.545,1,C,3,161,300161,2014-03-11T00:00:00Z,none,Batten Spr,16,FALSE,0.351111218934499,0.768437590644005,0,0,0.113833729198997,0.249135065706967
GEP2,BS264,G1,21.65,23.655,24.43,NA,25.405,1,G,3,264,300264,2014-03-11T00:00:00Z,none,Batten Spr,16,FALSE,0.145591698308557,0.584388624280623,0,0,0.0740682981838489,0.29730177875068
GEP2,BS270,E3,21.645,23.725,24.26,NA,25.355,3,E,3,270,300270,2014-03-18T00:00:00Z,none,Batten Spr,16,FALSE,0.163232473386115,0.690158676698315,0,0,0.0764150173557546,0.323088207659374
GEP2,BS329,G10,22.89,24.71,26.82,NA,31.2,10,G,3,329,300329,2014-05-16T00:00:00Z,full,Batten Spr,16,FALSE,0.0656072927264417,0.231647015472593,0,0,0.00315094437196143,0.0111253921531021
GEP2,BS46,E11,26.555,27.585,29.72,NA,31.235,11,E,3,46,300046,2014-05-16T00:00:00Z,full,Batten Spr,16,FALSE,0.111491064927512,0.227667458397995,0,0,0.0390103296531754,0.079660039207454
GEP2,BS81,G3,21.595,23.83,24.4433333333333,NA,24.85,3,G,3,81,300081,2014-03-25T00:00:00Z,none,Batten Spr,16,FALSE,0.138856504710352,0.653684623601051,0,0,0.104748391833493,0.493116352246678
GEP2,BW115,A11,24.185,26.5,28.92,NA,NA,11,A,3,115,300115,2014-05-16T00:00:00Z,full,Batten Win,16,FALSE,0.037551126547714,0.186856156079367,0,0,0,0
GEP2,BW155,C9,26.895,27.345,NA,33.09,NA,9,C,3,155,300155,2014-04-23T00:00:00Z,none,Batten Win,16,FALSE,0,0,0.0136495764986983,0.0186458709848706,0,0
GEP2,BW174,A10,27.665,28.435,NA,NA,NA,10,A,3,174,300174,2014-04-23T00:00:00Z,none,Batten Win,16,FALSE,0,0,0,0,0,0
GEP2,BW214,E7,28.68,28.77,NA,NA,NA,7,E,3,214,300214,2014-04-09T00:00:00Z,none,Batten Win,16,FALSE,0,0,0,0,0,0
GEP2,BW218,A12,24.085,25.9,28.845,33.425,32.215,12,A,3,218,300218,2014-05-16T00:00:00Z,full,Batten Win,16,FALSE,0.0369060206696729,0.129857387912208,0.00154304943723316,0.00542936804625913,0.00356965410245859,0.0125601717303617
GEP2,BW25,F12,22.8733333333333,24.97,28.3366666666667,NA,32.165,12,F,3,25,300025,2014-05-16T00:00:00Z,full,Batten Win,16,FALSE,0.0226658907096215,0.0969465476146084,0,0,0.00159562055980576,0.00682478824934917
GEP2,BW279,F7,30.78,31.95,NA,NA,NA,7,F,3,279,300279,2014-04-09T00:00:00Z,none,Batten Win,16,FALSE,NA,NA,NA,NA,NA,NA
GEP2,BW288,E8,28.765,28.795,NA,33.44,NA,8,E,3,288,300288,2014-04-23T00:00:00Z,none,Batten Win,16,FALSE,0,0,0.0391457637070041,0.0399682994149198,0,0
GEP2,BW317,A1,24.61,26.605,NA,32.63,NA,1,A,3,317,300317,2014-03-11T00:00:00Z,none,Batten Win,16,FALSE,0,0,0.00385247150192719,0.0153565718522696,0,0
GEP2,BW33,A7,NA,26.72,NA,NA,NA,7,A,3,33,300033,2014-04-09T00:00:00Z,none,Batten Win,16,FALSE,NA,NA,NA,NA,NA,NA
GEP2,BW33,F5,22.56,24.3033333333333,33.04,31.845,NA,5,F,3,33,300033,2014-04-01T00:00:00Z,none,Batten Win,16,FALSE,0.00070017346094523,0.0023442356770806,0.00160301095470801,0.00536700643538317,0,0
GEP2,BW92,H9,26.335,27.225,NA,NA,NA,9,H,3,92,300092,2014-04-23T00:00:00Z,none,Batten Win,16,FALSE,0,0,0,0,0,0
GEP2,CRWT12,A9,25.7,27.415,NA,NA,NA,9,A,3,12,300012,2014-04-23T00:00:00Z,none,CRWT153,16,FALSE,0,0,0,0,0,0
GEP2,CRWT125,D1,23.425,26.13,NA,32.055,NA,1,D,3,125,300125,2014-03-11T00:00:00Z,none,CRWT153,16,FALSE,0,0,0.00252412662233885,0.0164587661867943,0,0
GEP2,CRWT151,G5,29.59,30.795,NA,NA,NA,5,G,3,151,300151,2014-04-01T00:00:00Z,none,CRWT153,16,FALSE,NA,NA,NA,NA,NA,NA
GEP2,CRWT195,D8,26.805,28.3,NA,30.93,NA,8,D,3,195,300195,2014-04-23T00:00:00Z,none,CRWT153,16,FALSE,0,0,0.057312752700292,0.161544103829686,0,0
GEP2,CRWT23,E1,22.2533333333333,24.675,NA,33.035,NA,1,E,3,23,300023,2014-03-11T00:00:00Z,none,CRWT153,16,FALSE,0,0,0.000568060942572528,0.00304361163929884,0,0
GEP2,CRWT27,G9,26.62,27.425,NA,33.665,NA,9,G,3,27,300027,2014-04-23T00:00:00Z,none,CRWT153,16,FALSE,0,0,0.00757257669480515,0.0132303955056644,0,0
GEP2,CRWT271,H7,32.6,NA,NA,NA,NA,7,H,3,271,300271,2014-04-09T00:00:00Z,none,CRWT153,16,FALSE,NA,NA,NA,NA,NA,NA
GEP2,CRWT308,F11,23.14,25.3366666666667,27.6433333333333,32.7,NA,11,F,3,308,300308,2014-05-16T00:00:00Z,full,CRWT153,16,FALSE,0.044092181472439,0.202126913039965,0.00132480891352312,0.00607317504183004,0,0
GEP2,CRWT42,H6,31.405,NA,NA,NA,NA,6,H,3,42,300042,2014-04-09T00:00:00Z,none,CRWT153,16,FALSE,NA,NA,NA,NA,NA,NA
GEP2,CRWT45,F10,22.42,24.9766666666667,30.47,31.33,NA,10,F,3,45,300045,2014-05-16T00:00:00Z,full,CRWT153,16,FALSE,0.00377318878486268,0.0221994334238903,0.00207884801260422,0.0122308346296735,0,0
GEP2,OT143,D11,24.205,26.44,25.6066666666667,NA,30.575,11,D,3,143,300143,2014-05-16T00:00:00Z,full,Otane,16,FALSE,0.378491638277849,1.78179743628068,0,0,0.0120903515120499,0.0569168645994987
GEP2,OT150,F9,26.74,27.44,NA,NA,NA,9,F,3,150,300150,2014-04-23T00:00:00Z,none,Otane,16,FALSE,0,0,0,0,0,0
GEP2,OT210,H10,21.8433333333333,23.66,24.845,NA,26.87,10,H,3,210,300210,2014-05-16T00:00:00Z,full,Otane,16,FALSE,0.124855677717254,0.439824537961218,0,0,0.0306776829764611,0.108067153913483
GEP2,OT49,G12,25.405,26.45,27.94,NA,32.055,12,G,3,49,300049,2014-05-16T00:00:00Z,full,Otane,16,FALSE,0.172539669174579,0.356012548899268,0,0,0.00995750490093174,0.0205459806282042
GEP2,SCN13,B2,27.645,28.785,NA,NA,NA,2,B,3,13,300013,2014-03-18T00:00:00Z,none,Saracen,16,FALSE,0,0,0,0,0,0
GEP2,SCN131,B6,28.3666666666667,31.51,NA,NA,NA,6,B,3,131,300131,2014-04-01T00:00:00Z,none,Saracen,16,FALSE,NA,NA,NA,NA,NA,NA
GEP2,SCN131,D7,27.42,29.3166666666667,30.57,NA,NA,7,D,3,131,300131,2014-04-09T00:00:00Z,none,Saracen,16,FALSE,NA,NA,NA,NA,NA,NA
GEP2,SCN142,B4,28.29,30.0066666666667,NA,NA,NA,4,B,3,142,300142,2014-03-25T00:00:00Z,none,Saracen,16,FALSE,NA,NA,NA,NA,NA,NA
GEP2,SCN144,B11,23.42,25.38,27.635,32.95,32.145,11,B,3,144,300144,2014-05-16T00:00:00Z,full,Saracen,16,FALSE,0.0538466349820012,0.209496783666987,0.00135264596495207,0.00526263115963159,0.00236326970550643,0.00919458388452159
GEP2,SCN170,F2,24.21,26.4466666666667,32.35,NA,NA,2,F,3,170,300170,2014-03-18T00:00:00Z,none,Saracen,16,FALSE,0.00354499670045766,0.0167078124778397,0,0,0,0
GEP2,SCN226,H1,21.2166666666667,23.4333333333333,26.38,32.4533333333333,NA,1,H,3,226,300226,2014-03-11T00:00:00Z,none,Saracen,16,FALSE,0.0279049847206369,0.129707457394968,0.000414406235990782,0.00192623575096359,0,0
GEP2,SCN265,C3,29.47,31.17,NA,NA,NA,3,C,3,265,300265,2014-03-18T00:00:00Z,none,Saracen,16,FALSE,NA,NA,NA,NA,NA,NA
GEP2,SCN292,B5,25.95,26.75,30.615,31.185,NA,5,B,3,292,300292,2014-03-25T00:00:00Z,none,Saracen,16,FALSE,0.0394180440259765,0.0686308008616905,0.0265526562230828,0.0462308596640262,0,0
GEP2,SCN310,F6,29.5,29.9533333333333,NA,NA,NA,6,F,3,310,300310,2014-04-01T00:00:00Z,none,Saracen,16,FALSE,NA,NA,NA,NA,NA,NA
GEP2,SCN310,G7,23.23,25.35,25.57,NA,26.54,7,G,3,310,300310,2014-04-09T00:00:00Z,none,Saracen,16,FALSE,0.197510327965844,0.858565436437754,0,0,0.100830219902766,0.438302860658018
GEP2,SCN314,C12,21.775,24.0766666666667,25.55,NA,32.475,12,C,3,314,300314,2014-05-16T00:00:00Z,full,Saracen,16,FALSE,0.0730485780350777,0.360149215457938,0,0,0.000601144733078574,0.00296380586478982
GEP2,SCN34,E4,24.965,26.76,31.565,NA,NA,4,E,3,34,300034,2014-03-25T00:00:00Z,none,Saracen,16,FALSE,0.0103086555529133,0.0357726300187089,0,0,0,0
GEP2,SCN50,H11,24.635,26.55,28.33,NA,33.245,11,H,3,50,300050,2014-05-16T00:00:00Z,full,Saracen,16,FALSE,0.0772136648204331,0.291183396617114,0,0,0.00255936211691085,0.00965170810255411
GEP2,SCN71,A6,NA,30.055,NA,NA,NA,6,A,3,71,300071,2014-04-01T00:00:00Z,none,Saracen,16,FALSE,NA,NA,NA,NA,NA,NA
GEP2,SCN71,C7,26.82,28.7633333333333,NA,33.57,NA,7,C,3,71,300071,2014-04-09T00:00:00Z,none,Saracen,16,FALSE,0,0,0.00929068058595876,0.0357313277177159,0,0
GEP5,AMK 109,H8,24.695,25.63,25.5,NA,26.765,8,H,3,109,300109,2014-06-10T00:00:00Z,full,Amarok,16,FALSE,0.572362080299342,1.09429370126074,0,0,0.238159499510984,0.455334916795989
GEP5,AMK 110,A9,23.815,25.11,25.575,NA,27.945,9,A,3,110,300110,2014-06-10T00:00:00Z,full,Amarok,16,FALSE,0.295248165357382,0.72447107727744,0,0,0.0571144656393374,0.140145759753564
GEP5,AMK 121,B7,22.25,23.285,24.74,NA,25.4766666666667,7,B,3,121,300121,2014-06-03T00:00:00Z,full,Amarok,16,FALSE,0.178006274449634,0.364755086060044,0,0,0.106825896783112,0.218898402851471
GEP5,AMK 146,F2,27.255,27.77,29.92,NA,33.72,2,F,3,146,300146,2014-05-23T00:00:00Z,full,Amarok,16,FALSE,0.157672176103906,0.225312615652708,0,0,0.01131986058246,0.0161760144350216
GEP5,AMK 183,E2,26.49,27.755,29.22,NA,33.495,2,E,3,183,300183,2014-05-23T00:00:00Z,full,Amarok,16,FALSE,0.150725978461345,0.36223553863872,0,0,0.0077854708033427,0.0187106047596707
GEP5,AMK 197,F1,25.38,25.465,28.84,NA,28.055,1,F,3,197,300197,2014-05-16T00:00:00Z,none,Amarok,16,FALSE,0.0908732823325194,0.0963881765879963,0,0,0.156583054828016,0.166085726762064
GEP5,AMK 237,G8,24.99,26.25,24.645,NA,26.555,8,G,3,237,300237,2014-06-10T00:00:00Z,full,Amarok,16,FALSE,1.27015098253879,3.04195750648202,0,0,0.337977708257032,0.809442216547409
GEP5,AMK 250,H6,23.09,24.445,27.81,31.77,31.765,6,H,3,250,300250,2014-06-03T00:00:00Z,full,Amarok,16,FALSE,0.0379435901373451,0.0970586093751298,0.00243814560332346,0.00623670614341133,0.00244661023168775,0.00625835841866892
GEP5,AMK 266,E10,22.205,23.415,23.4133333333333,NA,25.4833333333333,10,E,3,266,300266,2014-06-17T00:00:00Z,full,Amarok,16,FALSE,0.432768280503071,1.00115591285382,0,0,0.103067877088841,0.238434791137729
GEP5,AMK 281,G10,24.205,25.335,24.4233333333333,NA,26.45,10,G,3,281,300281,2014-06-17T00:00:00Z,full,Amarok,16,FALSE,0.859557863261581,1.88121751127258,0,0,0.210953949032504,0.461691155364697
GEP5,AMK 293,H1,26.01,26.2633333333333,30.965,NA,28.825,1,H,3,293,300293,2014-05-16T00:00:00Z,none,Amarok,16,FALSE,0.0322400993531675,0.0384288425239975,0,0,0.142102121654502,0.169379752697638
GEP5,AMK 3,H2,21.805,23.6266666666667,25.31,30.77,29.4733333333333,2,H,3,3,300003,2014-05-23T00:00:00Z,full,Amarok,16,FALSE,0.0880825471963763,0.311362405589706,0.00200108754498594,0.00707363094772143,0.00491588426733932,0.017377126341123
GEP5,AMK 330,G1,25.2733333333333,25.92,28.275,NA,26.935,1,G,3,330,300330,2014-05-16T00:00:00Z,none,Amarok,16,FALSE,0.124855677717254,0.195467410782149,0,0,0.316073794730484,0.494828328207603
GEP5,AMK 44,F10,24.39,25.3366666666667,25.2966666666667,NA,26.975,10,F,3,44,300044,2014-06-17T00:00:00Z,full,Amarok,16,FALSE,0.533416121472679,1.02811382665607,0,0,0.1666623346364,0.321227356513706
GEP5,AMK 79,D4,22.63,23.8,27.04,30.3266666666667,31.52,4,D,3,79,300079,2014-05-28T00:00:00Z,full,Amarok,16,FALSE,0.0470389608565958,0.105843164045316,0.00482028222509402,0.0108461988318733,0.00210786764942271,0.00474294876716814
GEP5,BS 106,C10,21.96,23.445,22.79,NA,25.255,10,C,3,106,300106,2014-06-10T00:00:00Z,full,Batten Spr,16,FALSE,0.562529242344405,1.57461595313841,0,0,0.101884041550328,0.285190928967106
GEP5,BS 106,C8,23.11,25.26,25.14,NA,30.36,8,C,3,106,300106,2014-06-03T00:00:00Z,full,Batten Spr,16,FALSE,0.244855074396732,1.08673486252606,0,0,0.00656950324416964,0.0291572809855252
GEP5,BS 106,G11,23.4133333333333,24.82,23.9466666666667,NA,26.3566666666667,11,G,3,106,300106,2014-06-17T00:00:00Z,full,Batten Spr,16,FALSE,0.690956439983889,1.8318905805405,0,0,0.13000749173606,0.344680917246445
GEP5,BS 152,H3,19.59,21.4233333333333,22.8366666666667,31.68,27.76,3,H,3,152,300152,2014-05-23T00:00:00Z,full,Batten Spr,16,FALSE,0.105355193094337,0.375443225908692,0.000229375671194827,0.000817401965760205,0.00347204172330692,0.0123729500824956
GEP5,BS 16,A8,20.895,22.41,24.135,NA,26.405,8,A,3,16,300016,2014-06-03T00:00:00Z,full,Batten Spr,16,FALSE,0.105843164045316,0.302498522304824,0,0,0.0219444511834062,0.0627169842818439
GEP5,BS 169,G3,22.5933333333333,24.355,24.81,NA,28.47,3,G,3,169,300169,2014-05-23T00:00:00Z,full,Batten Spr,16,FALSE,0.215137859311083,0.729510172120089,0,0,0.0170195102522283,0.0577113944205872
GEP5,BS 182,B8,22.57,23.7933333333333,25.5233333333333,NA,28.68,8,B,3,182,300182,2014-06-03T00:00:00Z,full,Batten Spr,16,FALSE,0.129109464393673,0.30145195692269,0,0,0.0144779384670371,0.0338038958150033
GEP5,BS 182,D10,22.53,22.7,23.7033333333333,NA,26.2933333333333,10,D,3,182,300182,2014-06-10T00:00:00Z,full,Batten Spr,16,FALSE,0.443395694581596,0.498846088263511,0,0,0.0736416961777545,0.082851215111658
GEP5,BS 182,H11,24.975,26.495,26.765,NA,29.725,11,H,3,182,300182,2014-06-17T00:00:00Z,full,Batten Spr,16,FALSE,0.289172045976322,0.829319545814442,0,0,0.037162722343835,0.106579361470995
GEP5,BS 249,F4,22.955,23.465,25.56,NA,29.55,4,F,3,249,300249,2014-05-28T00:00:00Z,full,Batten Spr,16,FALSE,0.164367845025633,0.234068061858623,0,0,0.010344444612464,0.0147310083737225
GEP5,BS 302,C6,21.905,23.5333333333333,24.7366666666667,32.33,29.115,6,C,3,302,300302,2014-05-28T00:00:00Z,full,Batten Spr,16,FALSE,0.140469939577368,0.434270743135867,0.000727381573790383,0.00224874117226559,0.00675419711959269,0.020880981448676
GEP5,BS 313,F11,22.58,23.77,23.64,NA,25.885,11,F,3,313,300313,2014-06-17T00:00:00Z,full,Batten Spr,16,FALSE,0.479632059662631,1.09429370126074,0,0,0.101180277068426,0.230845577682349
GEP5,BS 319,G5,22.1,23.04,23.85,31.515,27.6933333333333,5,G,3,319,300319,2014-05-28T00:00:00Z,full,Batten Spr,16,FALSE,0.29730177875068,0.570381857934211,0.00146488182547443,0.00281041714845863,0.0207128037779146,0.0397380989495564
GEP5,BS 77,A4,19.915,21.5733333333333,22.8266666666667,31.585,26.445,4,A,3,77,300077,2014-05-23T00:00:00Z,full,Batten Spr,16,FALSE,0.132892660472251,0.419477887384126,0.000306888030889118,0.000968697160575858,0.0108211677196166,0.0341571954231579
GEP5,BW 11,A11,23.48,24.245,24.53,NA,26.86,11,A,3,11,300011,2014-06-17T00:00:00Z,full,Batten Win,16,FALSE,0.482968164462423,0.820741608810496,0,0,0.0960546988305008,0.163232473386114
GEP5,BW 15,C2,23.325,24.145,26.6366666666667,31.83,31.415,2,C,3,15,300015,2014-05-23T00:00:00Z,full,Batten Win,16,FALSE,0.100713803522716,0.17780075227466,0.00275257959988676,0.00485942052069715,0.00367001073911723,0.00647905895167533
GEP5,BW 160,D2,26.005,26.83,28.98,32.6,NA,2,D,3,160,300160,2014-05-23T00:00:00Z,full,Batten Win,16,FALSE,0.127184961512836,0.225312615652707,0.0103444446124641,0.0183255460817482,0,0
GEP5,BW 162,B6,22.3833333333333,23.655,24.485,NA,26.925,6,B,3,162,300162,2014-05-28T00:00:00Z,full,Batten Win,16,FALSE,0.23298893298177,0.562529242344405,0,0,0.0429360514830653,0.103664943226805
GEP5,BW 206,C1,24.14,25.7333333333333,33.755,29.68,NA,1,C,3,206,300206,2014-05-16T00:00:00Z,none,Batten Win,16,FALSE,0.00127525369832902,0.0038480235220762,0.0214928409084335,0.0648537286974843,0,0
GEP5,BW 208,D7,23.8333333333333,25.36,26.925,NA,30.045,7,D,3,208,300208,2014-06-03T00:00:00Z,full,Batten Win,16,FALSE,0.117304749583893,0.337977708257032,0,0,0.0134927977408427,0.0388753641655771
GEP5,BW 217,G4,21.6166666666667,22.6866666666667,22.9366666666667,31.7,27.47,4,G,3,217,300217,2014-05-28T00:00:00Z,full,Batten Win,16,FALSE,0.400534938794811,0.840896415253715,0.000921752258478217,0.00193515744778365,0.0172970122124267,0.0363139245924325
GEP5,BW 234,B11,23.7866666666667,24.3566666666667,24.3966666666667,NA,25.69,11,B,3,234,300234,2014-06-17T00:00:00Z,full,Batten Win,16,FALSE,0.655196701929182,0.972654947412284,0,0,0.267324999645435,0.39685026299205
GEP5,BW 248,C5,23.34,23.82,23.495,NA,26.6266666666667,5,C,3,248,300248,2014-05-28T00:00:00Z,full,Batten Win,16,FALSE,0.898132372883936,1.25266443862413,0,0,0.102474249798784,0.142925310870863
GEP5,BW 257,C9,23.2,23.9166666666667,22.9966666666667,NA,25.985,9,C,3,257,300257,2014-06-10T00:00:00Z,full,Batten Win,16,FALSE,1.15135548019998,1.89211529345119,0,0,0.145087989297965,0.23843479113773
GEP5,BW 277,D9,22.935,23.66,23.905,NA,26.76,9,D,3,277,300277,2014-06-10T00:00:00Z,full,Batten Win,16,FALSE,0.510506062853597,0.843815796130017,0,0,0.0705602753003834,0.116629123942101
GEP5,BW 327,C7,22.715,23.49,24.605,NA,29.85,7,C,3,327,300327,2014-06-03T00:00:00Z,full,Batten Win,16,FALSE,0.269807059126107,0.461691155364698,0,0,0.00711460807493732,0.0121744465571953
GEP5,BW 4,E7,23.8766666666667,24.87,26.175,NA,28.705,7,E,3,4,300004,2014-06-03T00:00:00Z,full,Batten Win,16,FALSE,0.203297822335433,0.404721108273704,0,0,0.0351987173203926,0.0700728798767818
GEP5,BW 56,B9,22.68,23.92,24.43,NA,27.89,9,B,3,56,300056,2014-06-10T00:00:00Z,full,Batten Win,16,FALSE,0.29730177875068,0.702222437869,0,0,0.0270167884783708,0.0638132578566996
GEP5,BW 70,H10,25.27,27.125,26.76,NA,28.37,10,H,3,70,300070,2014-06-17T00:00:00Z,full,Batten Win,16,FALSE,0.356012548899267,1.28788162950982,0,0,0.116629123942101,0.42190789806501
GEP5,CRWT 1,D6,23.645,25,27.86,30.05,31.865,6,D,3,1,300001,2014-05-28T00:00:00Z,full,CRWT153,16,FALSE,0.0538466349820011,0.137738139484576,0.0118005670747096,0.0301855102789014,0.00335377123608497,0.00857885010771131
GEP5,CRWT 10,C12,21.44,23.41,26.71,29.295,NA,12,C,3,10,300010,2014-06-17T00:00:00Z,full,CRWT153,16,FALSE,0.0259162358067012,0.101531549544529,0.00431926036453229,0.0169214850863426,0,0
GEP5,CRWT 10,D12,20.575,21.995,28.3233333333333,27.46,NA,12,D,3,10,300010,2014-06-24T00:00:00Z,full,CRWT153,16,FALSE,0.00465070990153441,0.012444625853159,0.00846074254317128,0.0226397211649199,0,0
GEP5,CRWT 137,F7,22.5733333333333,24.355,29.135,30.56,34.075,7,F,3,137,300137,2014-06-03T00:00:00Z,full,CRWT153,16,FALSE,0.0105862345436024,0.0363979245771393,0.00394251875473389,0.0135552919867511,0.000344868345248094,0.00118573719179204
GEP5,CRWT 163,A3,22.4566666666667,23.84,28.475,29.505,NA,3,A,3,163,300163,2014-05-23T00:00:00Z,full,CRWT153,16,FALSE,0.015427698493021,0.040246300922182,0.007555100524558,0.0197090220129882,0,0
GEP5,CRWT 173,H12,23.765,24.78,28.31,30.28,NA,12,H,3,173,300173,2014-06-24T00:00:00Z,full,CRWT153,16,FALSE,0.0428369626556158,0.0865693417569329,0.0109342645749625,0.0220970869120796,0,0
GEP5,CRWT 196,A1,24.315,26.335,33.635,32.93,NA,1,A,3,196,300196,2014-05-16T00:00:00Z,none,CRWT153,16,FALSE,0.00156458960466722,0.00634572184653307,0.00255050739665804,0.010344444612464,0,0
GEP5,CRWT 198,E4,20.3966666666667,22.23,30.865,28.315,NA,4,E,3,198,300198,2014-05-28T00:00:00Z,full,CRWT153,16,FALSE,0.00070585852140606,0.00251539380763638,0.00413374945820778,0.0147310083737225,0,0
GEP5,CRWT 201,H9,21.275,23.31,28.815,27.9,NA,9,H,3,201,300201,2014-06-10T00:00:00Z,full,CRWT153,16,FALSE,0.00537321022710838,0.0220206367990941,0.010131559020711,0.041521431690516,0,0
GEP5,CRWT 205,G2,20.155,23.0933333333333,25.345,28.845,30.4766666666667,2,G,3,205,300205,2014-05-23T00:00:00Z,full,CRWT153,16,FALSE,0.0273939287911261,0.209981383633024,0.00242130410144334,0.0185599075362306,0.00078139158176039,0.00598956384636563
GEP5,CRWT 228,B1,26.4066666666667,27.815,34.43,NA,33.84,1,B,3,228,300228,2014-05-16T00:00:00Z,none,CRWT153,16,FALSE,0.00384358067776606,0.0102020295866322,0,0,0.00578553731361938,0.0153565718522695
GEP5,CRWT 28,A2,21.06,22.545,28.035,29.74,NA,2,A,3,28,300028,2014-05-23T00:00:00Z,full,CRWT153,16,FALSE,0.00794906009455225,0.0222507843062043,0.00243814560332346,0.00682478824934917,0,0
GEP5,CRWT 283,G7,21.75,23.2766666666667,26.275,28.63,32.0833333333333,7,G,3,283,300283,2014-06-03T00:00:00Z,full,CRWT153,16,FALSE,0.0434349443700731,0.125144489106728,0.00849011611348484,0.0244616692593469,0.000775098169906346,0.00223320798235724
GEP5,CRWT 295,E12,21.355,22.7966666666667,29.075,28.3233333333333,NA,12,E,3,295,300295,2014-06-24T00:00:00Z,full,CRWT153,16,FALSE,0.00474294876716814,0.0128834846361051,0.00798587755271256,0.0216923976637467,0,0
GEP5,CRWT 299,B12,26.6066666666667,26.33,29.92,30.955,NA,12,B,3,299,300299,2014-06-17T00:00:00Z,full,CRWT153,16,FALSE,0.100597521554489,0.0830428633810318,0.049093188046276,0.0405262360828441,0,0
GEP5,CRWT 299,F12,24.78,25.6833333333333,NA,31.49,NA,12,F,3,299,300299,2014-06-24T00:00:00Z,full,CRWT153,16,FALSE,0,0,0.00955187716946928,0.0178656638588579,0,0
GEP5,CRWT 316,A10,22.7966666666667,24.56,27.83,29.24,NA,10,A,3,316,300316,2014-06-10T00:00:00Z,full,CRWT153,16,FALSE,0.0305362490135702,0.103664943226805,0.0114911473764527,0.0390103296531753,0,0
GEP5,CRWT 41,G12,22.3666666666667,24.585,31.255,29.37,NA,12,G,3,41,300041,2014-06-24T00:00:00Z,full,CRWT153,16,FALSE,0.00211030416073284,0.0098204169884518,0.00779447012911739,0.0362719973244913,0,0
GEP5,CRWT 87,A5,19.78,21.4333333333333,24.86,27.525,29.34,5,A,3,87,300087,2014-05-28T00:00:00Z,full,CRWT153,16,FALSE,0.0295643014601749,0.0929973446191522,0.00466146774621767,0.0146630936979866,0.00132480891352312,0.0041673134490053
GEP5,CRWT 94,B10,22.5033333333333,24.27,33.715,28.19,NA,10,B,3,94,300094,2014-06-10T00:00:00Z,full,CRWT153,16,FALSE,0.000421649929401334,0.00143473499343584,0.0194152397575927,0.0660636275350864,0,0
GEP5,OT 141,B5,20.69,21.685,21.94,NA,22.73,5,B,3,141,300141,2014-05-28T00:00:00Z,full,Otane,16,FALSE,0.420448207626856,0.837987134667949,0,0,0.243163736853071,0.484644908467533
GEP5,OT 165,C3,22.285,24.73,23.975,NA,26.67,3,C,3,165,300165,2014-05-23T00:00:00Z,full,Otane,16,FALSE,0.309926924984746,1.68763159226003,0,0,0.0478611874091994,0.260616440210279
GEP5,OT 187,C4,22.425,23.56,22.7333333333333,NA,24.315,4,C,3,187,300187,2014-05-28T00:00:00Z,full,Otane,16,FALSE,0.807574166800042,1.77358277832638,0,0,0.269807059126107,0.592546385470791
GEP5,OT 231,E8,25.21,26.165,26.805,NA,26.875,8,E,3,231,300231,2014-06-03T00:00:00Z,full,Otane,16,FALSE,0.33102222759885,0.641712948781452,0,0,0.315344352207813,0.611320138846034
GEP5,OT 26,D8,23.14,23.9233333333333,24.34,NA,26.0633333333333,8,D,3,26,300026,2014-06-03T00:00:00Z,full,Otane,16,FALSE,0.435275281648062,0.74915353843834,0,0,0.131822328689502,0.22687978882929
GEP5,OT 282,D3,21.5266666666667,22.5133333333333,23.565,NA,25.72,3,D,3,282,300282,2014-05-23T00:00:00Z,full,Otane,16,FALSE,0.243444812942084,0.482410539918511,0,0,0.0546614168784898,0.108317130730308
GEP5,OT 294,E5,22.4633333333333,23.49,24.1633333333333,NA,24.98,5,E,3,294,300294,2014-05-28T00:00:00Z,full,Otane,16,FALSE,0.307786103336229,0.62705620477513,0,0,0.174746241772378,0.356012548899268
GEP5,OT 305,F8,23.985,23.9666666666667,24.6033333333333,NA,24.945,8,F,3,305,300305,2014-06-03T00:00:00Z,full,Otane,16,FALSE,0.651423046609929,0.643197334688202,0,0,0.514056913328033,0.507565764292987
GEP5,OT 97,B3,24.6333333333333,25.2033333333333,25.7933333333333,NA,27.82,3,B,3,97,300097,2014-05-23T00:00:00Z,full,Otane,16,FALSE,0.447512535463986,0.664342907048256,0,0,0.109829181527652,0.163044008720695
GEP5,SCN 134,C11,23.8833333333333,24.2833333333333,23.2,NA,26.5733333333333,11,C,3,134,300134,2014-06-17T00:00:00Z,full,Saracen,16,FALSE,1.60584576372675,2.11892618871859,0,0,0.154963462492373,0.204475514639445
GEP5,SCN 171,E6,23.53,23.845,24.645,NA,27.72,6,E,3,171,300171,2014-06-03T00:00:00Z,full,Saracen,16,FALSE,0.461691155364698,0.574349177498517,0,0,0.0547878575822523,0.0681567332915786
GEP5,SCN 185,F9,23.85,25.53,25.13,NA,29.15,9,F,3,185,300185,2014-06-10T00:00:00Z,full,Saracen,16,FALSE,0.411795508633787,1.3195079107729,0,0,0.0253828873861324,0.081333865965121
GEP5,SCN 200,D11,20.535,22.21,22.68,NA,24.355,11,D,3,200,300200,2014-06-17T00:00:00Z,full,Saracen,16,FALSE,0.226094844390272,0.721964597761249,0,0,0.0708052428309874,0.226094844390272
GEP5,SCN 209,E9,23.08,23.84,23.83,NA,26.31,9,E,3,209,300209,2014-06-10T00:00:00Z,full,Saracen,16,FALSE,0.594603557501361,1.00695555005672,0,0,0.106579361470994,0.180491149440312
GEP5,SCN 229,G6,23.0866666666667,23.87,23.76,NA,27.855,6,G,3,229,300229,2014-06-03T00:00:00Z,full,Saracen,16,FALSE,0.627056204775131,1.07922823650443,0,0,0.0366934576320347,0.0631532154054228
GEP5,SCN 247,D5,22.83,23.785,25.39,NA,29.605,5,D,3,247,300247,2014-05-28T00:00:00Z,full,Saracen,16,FALSE,0.169575540930959,0.328735690051268,0,0,0.00913107225438472,0.0177013107077468
GEP5,SCN 296,F3,23.0866666666667,25.56,27.19,31.925,31.635,3,F,3,296,300296,2014-05-23T00:00:00Z,full,Saracen,16,FALSE,0.0581799822561174,0.323088207659373,0.00218472387624322,0.0121323261718912,0.0026711314067305,0.0148334706398518
GEP5,SCN 303,F6,24.95,25.625,27.27,NA,30.165,6,F,3,303,300303,2014-06-03T00:00:00Z,full,Saracen,16,FALSE,0.200267469397406,0.319746395319357,0,0,0.0269233174910006,0.042985681816867
GEP5,SCN 322,G9,23.26,24.8333333333333,23.1,NA,25.8833333333333,9,G,3,322,300322,2014-06-10T00:00:00Z,full,Saracen,16,FALSE,1.11728713807222,3.32495158457115,0,0,0.162292323520197,0.482968164462423
GEP5,SCN 59,B4,20.27,21.85,22.4466666666667,32.8,26.2933333333333,4,B,3,59,300059,2014-05-23T00:00:00Z,full,Saracen,16,FALSE,0.221186207794911,0.661280073061269,0.00016908074561901,0.000505500451094424,0.0153743227110643,0.045964589505811
GEP5,SCN 74,E11,24.35,24.95,24.83,NA,27.705,11,E,3,74,300074,2014-06-17T00:00:00Z,full,Saracen,16,FALSE,0.716977624007913,1.08673486252606,0,0,0.0977337053910744,0.148136596367698
GEP5,SCN 85,E3,24.69,25.835,26.675,NA,30.6366666666667,3,E,3,85,300085,2014-05-23T00:00:00Z,full,Saracen,16,FALSE,0.252612861621692,0.558643569036111,0,0,0.0162134321743711,0.0358553779014624
GEP5,SCN 99,H4,23.695,24.705,25.38,NA,29.445,4,H,3,99,300099,2014-05-28T00:00:00Z,full,Saracen,16,FALSE,0.311002913324617,0.626332219312062,0,0,0.0185813611719175,0.0374212095193415
GEP6,AMK 154,H4,25.035,24.73,NA,32.04,NA,4,H,4,154,400154,2014-08-11T00:00:00Z,none,Amarok,8,FALSE,0,0,0.00778547080334272,0.00630188874392287,0,0
GEP6,AMK 160,D3,21.7533333333333,22.325,32.965,30.4366666666667,NA,3,D,4,160,400160,2014-08-04T00:00:00Z,none,Amarok,8,FALSE,0.000421649929401334,0.000626672801544385,0.00243251879366958,0.00361530563850121,0,0
GEP6,AMK 163,F11,23.245,22.4733333333333,NA,30.795,NA,11,F,4,163,400163,2014-09-01T00:00:00Z,none,Amarok,8,FALSE,0,0,0.00533609475294685,0.00312556632704155,0,0
GEP6,AMK 164,H8,24.02,24.84,NA,32.82,NA,8,H,4,164,400164,2014-08-23T00:00:00Z,none,Amarok,8,FALSE,0,0,0.00224355147460359,0.0039607792179298,0,0
GEP6,AMK 174,D11,26.44,24.695,33.575,33.39,NA,11,D,4,174,400174,2014-09-01T00:00:00Z,none,Amarok,8,FALSE,0.00711460807493732,0.0021225290283712,0.00808800721751077,0.00241292702563853,0,0
GEP6,AMK 181,F3,22.105,22.6333333333333,NA,30.05,NA,3,F,4,181,400181,2014-08-04T00:00:00Z,none,Amarok,8,FALSE,0,0,0.0040580433722565,0.00585276201904955,0,0
GEP6,AMK 181,H7,24.09,23.36,NA,31.045,NA,7,H,4,181,400181,2014-08-18T00:00:00Z,none,Amarok,8,FALSE,0,0,0.00806002483829186,0.00485942052069714,0,0
GEP6,AMK 183,B9,23.59,22.955,33.84,30.81,NA,9,B,4,183,400183,2014-08-23T00:00:00Z,none,Amarok,8,FALSE,0.000821187905521204,0.000528796408948204,0.00670754247216996,0.0043192603645323,0,0
GEP6,AMK 191,G11,22.2233333333333,21.965,33.595,30.99,NA,11,G,4,191,400191,2014-09-01T00:00:00Z,none,Amarok,8,FALSE,0.000377387257969204,0.000315515827792357,0.00229599200446017,0.0019195714815337,0,0
GEP6,AMK 193,B5,22.3266666666667,22.6833333333333,32.36,29.73,NA,5,B,4,193,400193,2014-08-11T00:00:00Z,none,Amarok,8,FALSE,0.000954257781674067,0.00122189271434937,0.00590710375093681,0.00756383356236627,0,0
GEP6,AMK 193,E3,20.09,21.8933333333333,33.56,29.61,NA,3,E,4,193,400193,2014-08-04T00:00:00Z,none,Amarok,8,FALSE,8.81304440626522e-05,0.00030759791257199,0.00136205436167032,0.00475391997527575,0,0
GEP6,AMK 204,A9,23.505,22.9133333333333,33.62,31.04,NA,9,A,4,204,400204,2014-08-23T00:00:00Z,none,Amarok,8,FALSE,0.000901740537821673,0.000598373262953675,0.0053918646617056,0.00357791129011816,0,0
GEP6,AMK 206,G7,24.2233333333333,24.595,32.27,32.045,NA,7,G,4,206,400206,2014-08-18T00:00:00Z,none,Amarok,8,FALSE,0.00378191678118315,0.00489322046337551,0.00442021828979882,0.00571908474978759,0,0
GEP6,AMK 215,A8,21.72,22.23,NA,29.425,NA,8,A,4,215,400215,2014-08-18T00:00:00Z,none,Amarok,8,FALSE,0,0,0.00479251944239768,0.00682478824934919,0,0
GEP6,BS 49,E2,22.7,23.4066666666667,26.9,NA,NA,2,E,4,49,400049,2014-08-04T00:00:00Z,none,Batten Spr,8,FALSE,0.0544094102060077,0.0887977336955608,0,0,0,0
GEP6,BS 49,E4,22.29,22.77,25.3833333333333,NA,NA,4,E,4,49,400049,2014-08-11T00:00:00Z,none,Batten Spr,8,FALSE,0.117169312069997,0.163421155900263,0,0,0,0
GEP6,BS 50,H9,25.83,25.545,28.375,NA,NA,9,H,4,50,400050,2014-08-23T00:00:00Z,none,Batten Spr,8,FALSE,0.171347850622463,0.140632310586101,0,0,0,0
GEP6,BS 55,G10,22.6666666666667,21.8433333333333,24.78,NA,NA,10,G,4,55,400055,2014-09-01T00:00:00Z,none,Batten Spr,8,FALSE,0.23111241505284,0.130609644107609,0,0,0,0
GEP6,BS 56,A11,22.96,22.48,25.7133333333333,NA,NA,11,A,4,56,400056,2014-09-01T00:00:00Z,none,Batten Spr,8,FALSE,0.148307829363561,0.106333395118857,0,0,0,0
GEP6,BS 59,C2,22.695,22.3,25.77,NA,NA,2,C,4,59,400059,2014-08-04T00:00:00Z,none,Batten Spr,8,FALSE,0.118667765118815,0.0902455747201559,0,0,0,0
GEP6,BS 59,G4,24.2133333333333,23.6066666666667,26.435,NA,NA,4,G,4,59,400059,2014-08-11T00:00:00Z,none,Batten Spr,8,FALSE,0.214393538862091,0.140794869281571,0,0,0,0
GEP6,BS 65,D2,22.6233333333333,23.035,26.3366666666667,NA,NA,2,D,4,65,400065,2014-08-04T00:00:00Z,none,Batten Spr,8,FALSE,0.0762386649850127,0.101414323424521,0,0,0,0
GEP6,BS 65,F4,23.35,22.66,25.37,NA,NA,4,F,4,65,400065,2014-08-11T00:00:00Z,none,Batten Spr,8,FALSE,0.24655817612334,0.152830034711509,0,0,0,0
GEP6,BS 71,F9,24.98,23.53,26.23,NA,NA,9,F,4,71,400071,2014-08-23T00:00:00Z,none,Batten Spr,8,FALSE,0.420448207626858,0.153893051668115,0,0,0,0
GEP6,BS 72,H6,24.79,23.645,26.49,NA,NA,6,H,4,72,400072,2014-08-18T00:00:00Z,none,Batten Spr,8,FALSE,0.307786103336228,0.139177702278586,0,0,0,0
GEP6,BS 77,G6,24.125,23.475,25.82,NA,NA,6,G,4,77,400077,2014-08-18T00:00:00Z,none,Batten Spr,8,FALSE,0.308854659281732,0.196826994142301,0,0,0,0
GEP6,BS 89,G9,23.9466666666667,23.6333333333333,26.3033333333333,NA,NA,9,G,4,89,400089,2014-08-23T00:00:00Z,none,Batten Spr,8,FALSE,0.195241728358735,0.157126671815228,0,0,0,0
GEP6,BS 94,F6,22.7133333333333,22.63,25.795,NA,NA,6,F,4,94,400094,2014-08-18T00:00:00Z,none,Batten Spr,8,FALSE,0.118120668641514,0.111491064927511,0,0,0,0
GEP6,BS 96,H10,26.495,25.675,28.32,NA,NA,10,H,4,96,400096,2014-09-01T00:00:00Z,none,Batten Spr,8,FALSE,0.282241101201532,0.159873197659679,0,0,0,0
GEP6,BW 225,H5,24.71,24.905,NA,NA,NA,5,H,4,225,400225,2014-08-11T00:00:00Z,none,Batten Win,8,FALSE,0,0,0,0,0,0
GEP6,BW 226,F5,24.825,24.9,NA,NA,NA,5,F,4,226,400226,2014-08-11T00:00:00Z,none,Batten Win,8,FALSE,0,0,0,0,0,0
GEP6,BW 226,H2,21.3733333333333,22.96,NA,NA,NA,2,H,4,226,400226,2014-08-04T00:00:00Z,none,Batten Win,8,FALSE,0,0,0,0,0,0
GEP6,BW 231,E7,22.155,22.71,32.95,NA,NA,7,E,4,231,400231,2014-08-18T00:00:00Z,none,Batten Win,8,FALSE,0.000562835130272882,0.000826899719104029,0,0,0,0
GEP6,BW 232,B10,24.75,24.3033333333333,33.29,NA,NA,10,B,4,232,400232,2014-08-23T00:00:00Z,none,Batten Win,8,FALSE,0.00268660511355419,0.00197125937736694,0,0,0,0
GEP6,BW 233,D7,23.7433333333333,24.7266666666667,NA,NA,NA,7,D,4,233,400233,2014-08-18T00:00:00Z,none,Batten Win,8,FALSE,0,0,0,0,0,0
GEP6,BW 234,F2,21.69,22.8833333333333,34.23,33.345,NA,2,F,4,234,400234,2014-08-04T00:00:00Z,none,Batten Win,8,FALSE,0.000167912819597136,0.000383983871041982,0.000310095454721385,0.000709127828251129,0,0
GEP6,BW 234,G5,23.91,24.74,NA,NA,NA,5,G,4,234,400234,2014-08-11T00:00:00Z,none,Batten Win,8,FALSE,0,0,0,0,0,0
GEP6,BW 238,C12,21.585,21.8433333333333,32.73,NA,NA,12,C,4,238,400238,2014-09-01T00:00:00Z,none,Batten Win,8,FALSE,0.000441591492949749,0.000528185872109425,0,0,0,0
GEP6,BW 241,E12,21.665,22.38,33.205,NA,NA,12,E,4,241,400241,2014-09-01T00:00:00Z,none,Batten Win,8,FALSE,0.000335825639194274,0.000551252150784244,0,0,0,0
GEP6,BW 257,G12,23.13,23.15,33.06,NA,NA,12,G,4,257,400257,2014-09-01T00:00:00Z,none,Batten Win,8,FALSE,0.00102511394885065,0.00103942400630211,0,0,0,0
GEP6,BW 287,F7,24.32,23.6766666666667,33.885,NA,NA,7,F,4,287,400287,2014-08-18T00:00:00Z,none,Batten Win,8,FALSE,0.00132022542287903,0.000845250547857562,0,0,0,0
GEP6,CRWT 10,F1,25.1133333333333,25.27,31.915,NA,NA,1,F,3,10,300010,2014-07-25T00:00:00Z,full,CRWT153,16,FALSE,0.00896384447536559,0.00999207485372991,0,0,0,0
GEP6,CRWT 294,D6,25.175,24.9033333333333,NA,NA,NA,6,D,4,294,400294,2014-08-18T00:00:00Z,none,CRWT153,8,FALSE,0,0,0,0,0,0
GEP6,CRWT 295,A1,23.83,24.56,32.61,31.27,NA,1,A,3,295,300295,2014-07-01T00:00:00Z,full,CRWT153,16,FALSE,0.0022748702860712,0.00377318878486269,0.00575886413004334,0.00955187716946928,0,0
GEP6,CRWT 298,D9,25.555,24.42,30.94,NA,34.22,9,D,4,298,400298,2014-08-23T00:00:00Z,none,CRWT153,8,FALSE,0.0239305937045997,0.0108964348933625,0,0,0.00246362775162354,0.00112177573730179
GEP6,CRWT 299,G1,25.255,25.6633333333333,32.895,33.885,NA,1,G,3,299,300299,2014-07-25T00:00:00Z,full,CRWT153,16,FALSE,0.00501338241235512,0.00665351920356662,0.00252412662233885,0.00334989904472016,0,0
GEP6,CRWT 317,H12,21.995,22.195,34.46,NA,NA,12,H,4,317,400317,2014-09-01T00:00:00Z,none,CRWT153,8,FALSE,0.000176872821600937,0.000203173519216681,0,0,0,0
GEP6,CRWT 325,A4,21.3166666666667,22.73,33.365,NA,NA,4,A,4,325,400325,2014-08-04T00:00:00Z,none,CRWT153,8,FALSE,0.000236096891392437,0.000628848451909094,0,0,0,0
GEP6,CRWT 325,E5,23.34,24.215,NA,NA,NA,5,E,4,325,400325,2014-08-11T00:00:00Z,none,CRWT153,8,FALSE,0,0,0,0,0,0
GEP6,CRWT 333,E6,22.345,23.305,NA,NA,NA,6,E,4,333,400333,2014-08-18T00:00:00Z,none,CRWT153,8,FALSE,0,0,0,0,0,0
GEP6,CRWT 339,D5,23.535,23.8266666666667,NA,NA,NA,5,D,4,339,400339,2014-08-11T00:00:00Z,none,CRWT153,8,FALSE,0,0,0,0,0,0
GEP6,CRWT 346,C9,22.3,22.405,33.615,NA,NA,9,C,4,346,400346,2014-08-23T00:00:00Z,none,CRWT153,8,FALSE,0.000392505366573804,0.000422137319974543,0,0,0,0
GEP6,CRWT 353,C5,23.295,23.47,NA,NA,NA,5,C,4,353,400353,2014-08-11T00:00:00Z,none,CRWT153,8,FALSE,0,0,0,0,0,0
GEP6,CRWT 353,H3,23.035,23.29,33.745,NA,NA,3,H,4,353,400353,2014-08-04T00:00:00Z,none,CRWT153,8,FALSE,0.000596992323091831,0.000712412277461024,0,0,0,0
GEP6,CRWT 355,E9,23.86,23.525,33.32,NA,NA,9,E,4,355,400355,2014-08-23T00:00:00Z,none,CRWT153,8,FALSE,0.00141989503644561,0.00112567026054576,0,0,0,0
GEP6,CRWT 356,F12,21.715,22.0833333333333,32.82,NA,NA,12,F,4,356,400356,2014-09-01T00:00:00Z,none,CRWT153,8,FALSE,0.000454006319635334,0.00058605891927015,0,0,0,0
GEP6,CRWT 41,B1,26.1066666666667,26.4266666666667,33.495,33.415,NA,1,B,3,41,300041,2014-07-01T00:00:00Z,full,CRWT153,16,FALSE,0.00596884152968147,0.00745108722305401,0.00630917317812533,0.00787593361656452,0,0
GEP6,CRWT 41,E1,23.68,23.7733333333333,32.27,32.83,NA,1,E,3,41,300041,2014-07-25T00:00:00Z,full,CRWT153,16,FALSE,0.00259508948065726,0.00276852513129348,0.00176025480978678,0.00187789658688018,0,0
GEP6,OT 11,A2,21.89,22.95,25.685,NA,NA,2,A,4,11,400011,2014-08-04T00:00:00Z,none,Otane,8,FALSE,0.0720428966749291,0.150204506190857,0,0,0,0
GEP6,OT 11,B6,24.4733333333333,24.7933333333333,26.61,32.61,NA,6,B,4,11,400011,2014-08-11T00:00:00Z,none,Otane,8,FALSE,0.22740459849957,0.283876107267719,0.00355319685155579,0.00443556417605812,0,0
GEP6,OT 13,B8,21.915,22.03,23.36,34.285,27.7133333333333,8,B,4,13,400013,2014-08-18T00:00:00Z,none,Otane,8,FALSE,0.367292158319577,0.39776824187746,0.00018891174237578,0.000204586702799793,0.0179691585967303,0.0194601503493566
GEP6,OT 16,D8,22.6033333333333,22.6433333333333,23.69,33.79,27.7366666666667,8,D,4,16,400016,2014-08-18T00:00:00Z,none,Otane,8,FALSE,0.470848008693675,0.484085347991443,0.00042902024034239,0.00044108164101132,0.0284913277674443,0.0292923280174994
GEP6,OT 18,G8,23.91,23.3566666666667,24.6,NA,30.87,8,G,4,18,400018,2014-08-23T00:00:00Z,none,Otane,8,FALSE,0.619853849969494,0.422395586827512,0,0,0.00803213927075051,0.00547345181596588
GEP6,OT 23,E8,23.6333333333333,23.6633333333333,25.165,NA,31.67,8,E,4,23,400023,2014-08-23T00:00:00Z,none,Otane,8,FALSE,0.345877562707149,0.353145185534049,0,0,0.003808222092665,0.00388824093399699
GEP6,OT 24,C8,22.4533333333333,22.48,23.965,NA,29.905,8,C,4,24,400024,2014-08-18T00:00:00Z,none,Otane,8,FALSE,0.350705833553584,0.357248534935273,0,0,0.00571248161885713,0.00581905259032305
GEP6,OT 26,F8,24.0066666666667,22.97,24.2366666666667,NA,30.84,8,F,4,26,400026,2014-08-23T00:00:00Z,none,Otane,8,FALSE,0.852634891767956,0.415618948071393,0,0,0.00876923475241698,0.00427458477054976
GEP6,OT 33,B12,22.13,21.695,23.01,NA,28.7866666666667,12,B,4,33,400033,2014-09-01T00:00:00Z,none,Otane,8,FALSE,0.543367431263028,0.401925495371575,0,0,0.00991159760800727,0.00733154684899331
GEP6,OT 36,B2,23.0566666666667,23.87,26.34,32.825,NA,2,B,4,36,400036,2014-08-04T00:00:00Z,none,Otane,8,FALSE,0.102711289323224,0.180491149440312,0.00114667055100108,0.00201500620957296,0,0
GEP6,OT 38,C6,26.1233333333333,26.395,27.82,NA,NA,6,C,4,38,400038,2014-08-11T00:00:00Z,none,Otane,8,FALSE,0.308498062406017,0.372419365780675,0,0,0,0
GEP6,OT 38,H1,22.74,23.5866666666667,26.025,33.005,NA,1,H,4,38,400038,2014-08-04T00:00:00Z,none,Otane,8,FALSE,0.102592701101312,0.184496668003671,0.000812694076866725,0.00146150113681247,0,0
GEP6,OT 39,H11,22.4,21.995,24.41,NA,31.05,11,H,4,39,400039,2014-09-01T00:00:00Z,none,Otane,8,FALSE,0.248273123859259,0.187504873660727,0,0,0.00248937622523294,0.00188006727168311
GEP6,OT 41,A12,23.09,22.695,24.125,NA,29.445,12,A,4,41,400041,2014-09-01T00:00:00Z,none,Otane,8,FALSE,0.488015880388112,0.371130892657262,0,0,0.0122167131738843,0.00929068058595876
GEP6,SCN 105,D4,23.7433333333333,23.5633333333333,30.205,NA,NA,4,D,4,105,400105,2014-08-11T00:00:00Z,none,Saracen,8,FALSE,0.0113460452520181,0.0100151881400057,0,0,0,0
GEP6,SCN 106,A3,21.6566666666667,22.56,31.36,NA,NA,3,A,4,106,400106,2014-08-04T00:00:00Z,none,Saracen,8,FALSE,0.00119951479430583,0.00224355147460359,0,0,0,0
GEP6,SCN 106,C4,21.95,22.67,28.76,33.67,NA,4,C,4,106,400106,2014-08-11T00:00:00Z,none,Saracen,8,FALSE,0.00891221653022207,0.0146800429564689,0.000296434297948009,0.000488281249999999,0,0
GEP6,SCN 109,C10,22.9066666666667,23.78,27.4566666666667,NA,NA,10,C,4,109,400109,2014-08-23T00:00:00Z,none,Saracen,8,FALSE,0.0426887580235748,0.0782011337183594,0,0,0,0
GEP6,SCN 110,C7,24.5633333333333,24.95,29.035,NA,NA,7,C,4,110,400110,2014-08-18T00:00:00Z,none,Saracen,8,FALSE,0.0450706895706725,0.0589240334948901,0,0,0,0
GEP6,SCN 119,B3,22.195,21.9233333333333,32.355,33.005,NA,3,B,4,119,400119,2014-08-04T00:00:00Z,none,Saracen,8,FALSE,0.000874047920828096,0.000724028111320807,0.000557013533138881,0.000461408861880917,0,0
GEP6,SCN 121,B7,23.2933333333333,23.4066666666667,31.58,NA,34.055,7,B,4,121,400121,2014-08-18T00:00:00Z,none,Saracen,8,FALSE,0.003202320306212,0.00346402886391872,0,0,0.000575990777819869,0.000623063431802418
GEP6,SCN 123,E10,23.27,22.86,30.8,NA,NA,10,E,4,123,400123,2014-08-23T00:00:00Z,none,Saracen,8,FALSE,0.0054105838598083,0.00407213187828563,0,0,0,0
GEP6,SCN 127,B11,23.085,22.68,27.3666666666667,NA,NA,11,B,4,127,400127,2014-09-01T00:00:00Z,none,Saracen,8,FALSE,0.0514150073113927,0.0388304795151854,0,0,0,0
GEP6,SCN 139,D10,24.8966666666667,24.195,28.77,NA,NA,10,D,4,139,400139,2014-08-23T00:00:00Z,none,Saracen,8,FALSE,0.0682355165356651,0.0419553907118833,0,0,0,0
GEP6,SCN 141,C11,24.0966666666667,23.735,27.84,NA,NA,11,C,4,141,400141,2014-09-01T00:00:00Z,none,Saracen,8,FALSE,0.0746696959472513,0.0581128089133226,0,0,0,0
GEP6,SCN 148,E11,23.145,22.9833333333333,28,NA,NA,11,E,4,148,400148,2014-09-01T00:00:00Z,none,Saracen,8,FALSE,0.0345540829162584,0.030891063136028,0,0,0,0
GEP6,SCN 150,A7,NA,22.5433333333333,27.55,NA,NA,7,A,4,150,400150,2014-08-18T00:00:00Z,none,Saracen,8,FALSE,NA,NA,NA,NA,NA,NA
GEP7,AMK1141,E12,25.68,26.39,29.11,NA,NA,12,E,4,1141,401141,2014-09-30T00:00:00Z,full,Amarok,8,FALSE,0.0927827231643156,0.151774360549381,0,0,0,0
GEP7,AMK1150,B9,26.445,27.615,29.145,33.895,NA,9,B,4,1150,401150,2014-09-23T00:00:00Z,full,Amarok,8,FALSE,0.153893051668115,0.346277367027732,0.00571908474978762,0.0128686096448059,0,0
GEP7,AMK1153,D12,25.285,26.51,29.09,NA,34.315,12,D,4,1153,401153,2014-09-30T00:00:00Z,full,Amarok,8,FALSE,0.0715452600374178,0.167240944348264,0,0,0.00191293026872447,0.00447157875233861
GEP7,AMK158,C5,27.3533333333333,27.26,NA,33.355,NA,5,C,4,158,400158,2014-09-15T00:00:00Z,none,Amarok,8,FALSE,0,0,0.0156069597146567,0.0146292538661639,0,0
GEP7,AMK179,B1,23.73,24.7233333333333,NA,32.96,NA,1,B,4,179,400179,2014-09-08T00:00:00Z,none,Amarok,8,FALSE,0,0,0.00166530252298429,0.00331524988792626,0,0
GEP7,AMK202,H6,22.635,23.765,32.455,31.96,NA,6,H,4,202,400202,2014-09-22T00:00:00Z,none,Amarok,8,FALSE,0.00110633191923418,0.00242130410144334,0.00155917653585283,0.00341239412467459,0,0
GEP7,BS1059,E8,26.5466666666667,27.2466666666667,29.235,NA,NA,8,E,4,1059,401059,2014-09-23T00:00:00Z,full,Batten Spr,8,FALSE,0.155142586750541,0.252029875730065,0,0,0,0
GEP7,BS1064,H8,28.6,29.15,30.77,NA,NA,8,H,4,1064,401064,2014-09-23T00:00:00Z,full,Batten Spr,8,FALSE,NA,NA,NA,NA,NA,NA
GEP7,BS1069,G8,25.2133333333333,25.87,27.9666666666667,NA,NA,8,G,4,1069,401069,2014-09-23T00:00:00Z,full,Batten Spr,8,FALSE,0.148307829363561,0.23379781196258,0,0,0,0
GEP7,BS46,G10,28.1766666666667,27.8466666666667,30.565,NA,NA,10,G,4,46,400046,2014-09-29T00:00:00Z,none,Batten Spr,8,FALSE,0.191002928949808,0.151949798483621,0,0,0,0
GEP7,BS48,D1,26.185,26.03,28.095,NA,NA,1,D,4,48,400048,2014-09-08T00:00:00Z,none,Batten Spr,8,FALSE,0.266092545613341,0.238986329398436,0,0,0,0
GEP7,BS51,H10,26.565,26.96,29.22,NA,NA,10,H,4,51,400051,2014-09-29T00:00:00Z,none,Batten Spr,8,FALSE,0.158768872817349,0.208771979857093,0,0,0,0
GEP7,BS54,F6,27.22,27.75,30.375,NA,NA,6,F,4,54,400054,2014-09-22T00:00:00Z,none,Batten Spr,8,FALSE,0.112266546610492,0.162104944331376,0,0,0,0
GEP7,BS57,A11,27.055,27.445,29.97,NA,NA,11,A,4,57,400057,2014-09-29T00:00:00Z,none,Batten Spr,8,FALSE,0.132585967671027,0.173739777480292,0,0,0,0
GEP7,BS58,G3,29.255,29.01,30.62,NA,NA,3,G,4,58,400058,2014-09-15T00:00:00Z,none,Batten Spr,8,FALSE,NA,NA,NA,NA,NA,NA
GEP7,BS66,A4,26.69,27.105,28.71,NA,NA,4,A,4,66,400066,2014-09-15T00:00:00Z,none,Batten Spr,8,FALSE,0.246558176123339,0.328735690051268,0,0,0,0
GEP7,BS69,C1,23.915,24.395,26.6966666666667,NA,NA,1,C,4,69,400069,2014-09-08T00:00:00Z,none,Batten Spr,8,FALSE,0.145423601298567,0.202828646849043,0,0,0,0
GEP7,BS73,F4,27.72,27.895,30.77,NA,NA,4,F,4,73,400073,2014-09-15T00:00:00Z,none,Batten Spr,8,FALSE,0.120742041115605,0.136313466583157,0,0,0,0
GEP7,BS74,A1,25.085,24.685,27.115,NA,NA,1,A,4,74,400074,2014-09-08T00:00:00Z,none,Batten Spr,8,FALSE,0.244855074396732,0.185565446328631,0,0,0,0
GEP7,BS84,F3,29.63,28.505,30.605,NA,NA,3,F,4,84,400084,2014-09-15T00:00:00Z,none,Batten Spr,8,FALSE,NA,NA,NA,NA,NA,NA
GEP7,BS90,H3,28.99,29.695,32.27,NA,NA,3,H,4,90,400090,2014-09-15T00:00:00Z,none,Batten Spr,8,FALSE,NA,NA,NA,NA,NA,NA
GEP7,BS91,B6,27.915,28.67,30.555,NA,NA,6,B,4,91,400091,2014-09-22T00:00:00Z,none,Batten Spr,8,FALSE,0.160428237195363,0.270743761381482,0,0,0,0
GEP7,BW1170,F8,25.51,26.005,28.485,NA,NA,8,F,4,1170,401170,2014-09-23T00:00:00Z,full,Batten Win,8,FALSE,0.127184961512836,0.179244406001978,0,0,0,0
GEP7,BW1175,A9,26.43,27.3533333333333,29.79,NA,NA,9,A,4,1175,401175,2014-09-23T00:00:00Z,full,Batten Win,8,FALSE,0.0973955724575625,0.184709930073704,0,0,0,0
GEP7,BW1180,D8,25.7733333333333,27.09,29.535,NA,NA,8,D,4,1180,401180,2014-09-23T00:00:00Z,full,Batten Win,8,FALSE,0.0737268195609436,0.183646079159789,0,0,0,0
GEP7,BW224,C7,27.68,27.99,NA,NA,NA,7,C,4,224,400224,2014-09-22T00:00:00Z,none,Batten Win,8,FALSE,0,0,0,0,0,0
GEP7,BW261,B4,26.7966666666667,27.4566666666667,NA,NA,NA,4,B,4,261,400261,2014-09-15T00:00:00Z,none,Batten Win,8,FALSE,0,0,0,0,0,0
GEP7,BW266,B11,28.33,27.4333333333333,31.8,NA,NA,11,B,4,266,400266,2014-09-29T00:00:00Z,none,Batten Win,8,FALSE,0.0902455747201559,0.0484732738073042,0,0,0,0
GEP7,BW270,B7,25.67,26.5933333333333,33.81,NA,NA,7,B,4,270,400270,2014-09-22T00:00:00Z,none,Batten Win,8,FALSE,0.00354499670045766,0.00672305810347132,0,0,0,0
GEP7,CRWT1256,E11,28.1,27.85,30.165,NA,NA,11,E,4,1256,401256,2014-09-30T00:00:00Z,full,CRWT153,8,FALSE,0.238986329398436,0.200962747685788,0,0,0,0
GEP7,CRWT1257,F11,29.03,29.61,31.3,NA,NA,11,F,4,1257,401257,2014-09-30T00:00:00Z,full,CRWT153,8,FALSE,NA,NA,NA,NA,NA,NA
GEP7,CRWT1259,C9,26.06,27.5166666666667,28.095,NA,NA,9,C,4,1259,401259,2014-09-23T00:00:00Z,full,CRWT153,8,FALSE,0.244007940194056,0.669737041222087,0,0,0,0
GEP7,CRWT1260,H7,27.005,27.745,28.475,NA,NA,7,H,4,1260,401260,2014-09-23T00:00:00Z,full,CRWT153,8,FALSE,0.360982298880623,0.602903913845379,0,0,0,0
GEP7,CRWT1269,G11,27.115,27.86,30.175,NA,NA,11,G,4,1269,401269,2014-09-30T00:00:00Z,full,CRWT153,8,FALSE,0.119908014915658,0.200962747685788,0,0,0,0
GEP7,CRWT289,E6,26.75,27.65,NA,NA,NA,6,E,4,289,400289,2014-09-22T00:00:00Z,none,CRWT153,8,FALSE,0,0,0,0,0,0
GEP7,CRWT304,E5,29.985,29.64,NA,NA,NA,5,E,4,304,400304,2014-09-22T00:00:00Z,none,CRWT153,8,FALSE,NA,NA,NA,NA,NA,NA
GEP7,CRWT305,A10,27.255,27.6133333333333,32.935,NA,NA,10,A,4,305,400305,2014-09-29T00:00:00Z,none,CRWT153,8,FALSE,0.0195051648265876,0.0250045306163324,0,0,0,0
GEP7,CRWT311,A2,27.2,27.005,32.12,NA,NA,2,A,4,311,400311,2014-09-08T00:00:00Z,none,CRWT153,8,FALSE,0.0330318137675432,0.0288556972102936,0,0,0,0
GEP7,CRWT322,E4,28.1,28.07,NA,NA,NA,4,E,4,322,400322,2014-09-15T00:00:00Z,none,CRWT153,8,FALSE,0,0,0,0,0,0
GEP7,CRWT336,D4,30.72,29.805,NA,NA,NA,4,D,4,336,400336,2014-09-15T00:00:00Z,none,CRWT153,8,FALSE,NA,NA,NA,NA,NA,NA
GEP7,CRWT341,B10,29.2833333333333,28.71,33.575,NA,NA,10,B,4,341,400341,2014-09-29T00:00:00Z,none,CRWT153,8,FALSE,NA,NA,NA,NA,NA,NA
GEP7,OT1011,G7,26.46,26.6066666666667,28.2433333333333,NA,NA,7,G,4,1011,401011,2014-09-23T00:00:00Z,full,Otane,8,FALSE,0.29051139673946,0.321598667344101,0,0,0,0
GEP7,OT1012,H12,28.365,29.5333333333333,29.86,NA,NA,12,H,4,1012,401012,2014-09-30T00:00:00Z,full,Otane,8,FALSE,NA,NA,NA,NA,NA,NA
GEP7,OT1013,F12,25.855,26.96,28.34,NA,NA,12,F,4,1013,401013,2014-09-30T00:00:00Z,full,Otane,8,FALSE,0.178624267467637,0.384218795322003,0,0,0,0
GEP7,OT1015,G12,27.2866666666667,27.79,29.785,NA,NA,12,G,4,1015,401015,2014-09-30T00:00:00Z,full,Otane,8,FALSE,0.176981033750987,0.250867937127376,0,0,0,0
GEP7,OT1017,E7,26.575,27.39,28.68,NA,NA,7,E,4,1017,401017,2014-09-23T00:00:00Z,full,Otane,8,FALSE,0.23245123565329,0.408951029278891,0,0,0,0
GEP7,OT1025,D9,25.715,26.9833333333333,27.6,NA,NA,9,D,4,1025,401025,2014-09-23T00:00:00Z,full,Otane,8,FALSE,0.270743761381481,0.652176034882782,0,0,0,0
GEP7,OT14,D3,28.155,28.5,29.185,NA,31.86,3,D,4,14,400014,2014-09-15T00:00:00Z,none,Otane,8,FALSE,0.489710148793463,0.622005826649233,0,0,0.0766803110783628,0.0973955724575625
GEP7,OT32,C2,26.88,27.95,28.365,NA,31.78,2,C,4,32,400032,2014-09-08T00:00:00Z,none,Otane,8,FALSE,0.357248534935273,0.750019494642908,0,0,0.0334929207042592,0.0703161552930505
GEP7,SCN102,D10,29.1833333333333,28.915,29.765,NA,NA,10,D,4,102,400102,2014-09-29T00:00:00Z,none,Saracen,8,FALSE,NA,NA,NA,NA,NA,NA
GEP7,SCN1076,E9,26.49,26.85,27.685,NA,NA,9,E,4,1076,401076,2014-09-23T00:00:00Z,full,Saracen,8,FALSE,0.436786447958346,0.560583039014253,0,0,0,0
GEP7,SCN1081,F7,24.1333333333333,24.975,26.7366666666667,NA,NA,7,F,4,1081,401081,2014-09-23T00:00:00Z,full,Saracen,8,FALSE,0.164557839930454,0.294907278243774,0,0,0,0
GEP7,SCN1082,H11,27.3433333333333,28.4,29.23,NA,NA,11,H,4,1082,401082,2014-09-30T00:00:00Z,full,Saracen,8,FALSE,0.270431166520026,0.562529242344404,0,0,0,0
GEP7,SCN1092,D7,25.86,25.945,26.95,NA,NA,7,D,4,1092,401092,2014-09-23T00:00:00Z,full,Saracen,8,FALSE,0.469761374607005,0.498270131413933,0,0,0,0
GEP7,SCN1109,B12,25.305,26.195,28.03,NA,NA,12,B,4,1109,401109,2014-09-30T00:00:00Z,full,Saracen,8,FALSE,0.151249261152411,0.280291519507127,0,0,0,0
GEP7,SCN1113,A12,25.25,26.42,27.31,NA,NA,12,A,4,1113,401113,2014-09-30T00:00:00Z,full,Saracen,8,FALSE,0.239816029831316,0.539614118252215,0,0,0,0
GEP7,SCN114,C6,27.9566666666667,28.265,31.185,NA,NA,6,C,4,114,400114,2014-09-22T00:00:00Z,none,Saracen,8,FALSE,0.106702557924871,0.132127255070172,0,0,0,0
GEP7,SCN118,E10,27.9066666666667,28.51,29.56,NA,NA,10,E,4,118,400118,2014-09-29T00:00:00Z,none,Saracen,8,FALSE,0.31790479159645,0.482968164462421,0,0,0,0
GEP7,SCN129,G6,22.6666666666667,24.01,25.8833333333333,NA,NA,6,G,4,129,400129,2014-09-22T00:00:00Z,none,Saracen,8,FALSE,0.107568929655541,0.27294206614266,0,0,0,0
GEP7,SCN130,A5,27.36,27.88,29.5133333333333,NA,NA,5,A,4,130,400130,2014-09-15T00:00:00Z,none,Saracen,8,FALSE,0.224792633909547,0.322342577109895,0,0,0,0
GEP7,SCN137,H2,30,30.69,32.66,NA,NA,2,H,4,137,400137,2014-09-08T00:00:00Z,none,Saracen,8,FALSE,NA,NA,NA,NA,NA,NA
GEP7,SCN138,G4,27.62,28.26,30.715,NA,NA,4,G,4,138,400138,2014-09-15T00:00:00Z,none,Saracen,8,FALSE,0.117034030929312,0.182377543030022,0,0,0,0
GEP7,SCN143,G5,29.73,29.66,30.725,NA,NA,5,G,4,143,400143,2014-09-22T00:00:00Z,none,Saracen,8,FALSE,NA,NA,NA,NA,NA,NA
GEP7,SCN149,F10,25.71,26.74,28.455,NA,NA,10,F,4,149,400149,2014-09-29T00:00:00Z,none,Saracen,8,FALSE,0.149166967878965,0.304602565918799,0,0,0,0
GEP7,SCN151,H4,28.475,29.375,31.785,NA,NA,4,H,4,151,400151,2014-09-15T00:00:00Z,none,Saracen,8,FALSE,NA,NA,NA,NA,NA,NA
GEP8,AMK 1144,B8,27.1766666666667,27.445,30.8366666666667,NA,NA,8,B,4,1144,401144,2014-10-15T00:00:00Z,full,Amarok,8,FALSE,0.0791097871231425,0.0952810639534852,0,0,0,0
GEP8,AMK 1145,A8,28.74,NA,29.115,NA,NA,8,A,4,1145,401145,2014-10-15T00:00:00Z,full,Amarok,8,FALSE,NA,NA,NA,NA,NA,NA
GEP8,AMK 1146,C8,26.695,26.505,30.7,NA,NA,8,C,4,1146,401146,2014-10-15T00:00:00Z,full,Amarok,8,FALSE,0.0622837664267416,0.0545983059947932,0,0,0,0
GEP8,AMK 1148,D5,28.24,27.235,31.28,32.43,NA,5,D,4,1148,401148,2014-10-07T00:00:00Z,full,Amarok,8,FALSE,0.121581868426536,0.0605806135584415,0.054787857582252,0.0272991529973966,0,0
GEP8,AMK 1149,E5,27.025,26.8766666666667,31.115,33.55,NA,5,E,4,1149,401149,2014-10-07T00:00:00Z,full,Amarok,8,FALSE,0.0587201718258756,0.0529827547595626,0.0108587360925183,0.00979775319961145,0,0
GEP8,AMK 1160,E1,27.725,27.5533333333333,29.66,NA,NA,1,E,4,1160,401160,2014-09-30T00:00:00Z,full,Amarok,8,FALSE,0.261521234948133,0.232182852509637,0,0,0,0
GEP8,AMK 1163,D1,28.285,28.435,29.635,NA,NA,1,D,4,1163,401163,2014-09-30T00:00:00Z,full,Amarok,8,FALSE,0.392292048948375,0.435275281648061,0,0,0,0
GEP8,AMK 153,A6,26.895,26.77,NA,NA,NA,6,A,4,153,400153,2014-10-14T00:00:00Z,none,Amarok,8,FALSE,0,0,0,0,0,0
GEP8,AMK 161,C10,25.7,26.035,32.775,33.015,NA,10,C,4,161,400161,2014-10-20T00:00:00Z,none,Amarok,8,FALSE,0.00741673531992594,0.00935530237983539,0.00628008586518086,0.0079215584358596,0,0
GEP8,AMK 172,G5,28.385,28.855,NA,NA,NA,5,G,4,172,400172,2014-10-14T00:00:00Z,none,Amarok,8,FALSE,0,0,0,0,0,0
GEP8,AMK 184,A2,31.65,30.955,NA,NA,NA,2,A,4,184,400184,2014-10-06T00:00:00Z,none,Amarok,8,FALSE,NA,NA,NA,NA,NA,NA
GEP8,AMK 203,H5,28.42,28.5,NA,NA,NA,5,H,4,203,400203,2014-10-14T00:00:00Z,none,Amarok,8,FALSE,0,0,0,0,0,0
GEP8,AMK 210,H1,28.325,28.495,NA,NA,NA,1,H,4,210,400210,2014-10-06T00:00:00Z,none,Amarok,8,FALSE,0,0,0,0,0,0
GEP8,BS 1054,D8,28.41,27.94,31.635,NA,NA,8,D,4,1054,401054,2014-10-15T00:00:00Z,full,Batten Spr,8,FALSE,0.106949378210325,0.0772136648204329,0,0,0,0
GEP8,BS 1055,F8,27.345,26.275,29.135,NA,NA,8,F,4,1055,401055,2014-10-15T00:00:00Z,full,Batten Spr,8,FALSE,0.289172045976322,0.137738139484576,0,0,0,0
GEP8,BS 1056,B5,26.805,27.0866666666667,29.745,NA,NA,5,B,4,1056,401056,2014-10-07T00:00:00Z,full,Batten Spr,8,FALSE,0.13030822010514,0.158402462285883,0,0,0,0
GEP8,BS 1061,E8,27.665,26.765,30.31,NA,NA,8,E,4,1061,401061,2014-10-15T00:00:00Z,full,Batten Spr,8,FALSE,0.159873197659678,0.0856739253112314,0,0,0,0
GEP8,BS 1066,A5,28.445,28.185,30.305,NA,NA,5,A,4,1066,401066,2014-10-07T00:00:00Z,full,Batten Spr,8,FALSE,0.275476278969153,0.230046912656219,0,0,0,0
GEP8,BS 1067,F12,26.44,26.465,28.86,NA,NA,12,F,4,1067,401067,2014-10-21T00:00:00Z,full,Batten Spr,8,FALSE,0.186856156079368,0.190122344155126,0,0,0,0
GEP8,BS 1068,C5,27.865,27.545,29.445,NA,NA,5,C,4,1068,401068,2014-10-07T00:00:00Z,full,Batten Spr,8,FALSE,0.334481888696528,0.267943365634074,0,0,0,0
GEP8,BS 1070,E12,28.58,27.545,30.665,NA,NA,12,E,4,1070,401070,2014-10-21T00:00:00Z,full,Batten Spr,8,FALSE,0.23569613397956,0.11502345632811,0,0,0,0
GEP8,BS 1074,G12,27.0066666666667,26.86,29.7,NA,NA,12,G,4,1074,401074,2014-10-21T00:00:00Z,full,Batten Spr,8,FALSE,0.15460583417618,0.139660892259028,0,0,0,0
GEP8,BS 45,H6,26.67,26.715,29.69,NA,NA,6,H,4,45,400045,2014-10-14T00:00:00Z,none,Batten Spr,8,FALSE,0.12327908806167,0.127184961512836,0,0,0,0
GEP8,BS 60,D11,26.4066666666667,26.55,29.64,NA,NA,11,D,4,60,400060,2014-10-20T00:00:00Z,none,Batten Spr,8,FALSE,0.106333395118857,0.117440343651751,0,0,0,0
GEP8,BS 61,C3,26.85,26.615,29.65,NA,NA,3,C,4,61,400061,2014-10-06T00:00:00Z,none,Batten Spr,8,FALSE,0.14358729437463,0.122003970097028,0,0,0,0
GEP8,BS 62,E3,27.42,27.375,30.18,NA,NA,3,E,4,62,400062,2014-10-06T00:00:00Z,none,Batten Spr,8,FALSE,0.147624082678692,0.143090520074836,0,0,0,0
GEP8,BS 63,A7,26.71,27.11,30.495,NA,NA,7,A,4,63,400063,2014-10-14T00:00:00Z,none,Batten Spr,8,FALSE,0.0725439946489827,0.0957223748183991,0,0,0,0
GEP8,BS 68,F11,25.83,25.95,28.92,NA,NA,11,F,4,68,400068,2014-10-20T00:00:00Z,none,Batten Spr,8,FALSE,0.117440343651751,0.127626515713399,0,0,0,0
GEP8,BS 78,E11,26.4166666666667,26.075,28.935,NA,NA,11,E,4,78,400078,2014-10-20T00:00:00Z,none,Batten Spr,8,FALSE,0.174544483560266,0.137738139484576,0,0,0,0
GEP8,BS 80,D3,27.905,27.735,29.91,NA,NA,3,D,4,80,400080,2014-10-06T00:00:00Z,none,Batten Spr,8,FALSE,0.249135065706967,0.22144187977559,0,0,0,0
GEP8,BS 93,C7,26.185,26.3,28.84,NA,NA,7,C,4,93,400093,2014-10-14T00:00:00Z,none,Batten Spr,8,FALSE,0.158768872817349,0.171942727267468,0,0,0,0
GEP8,BW 1165,F1,28.195,27.65,30.32,NA,NA,1,F,4,1165,401165,2014-09-30T00:00:00Z,full,Batten Win,8,FALSE,0.229251010801168,0.157126671815228,0,0,0,0
GEP8,BW 1171,D9,27.2866666666667,27.2266666666667,29.67,NA,NA,9,D,4,1171,401171,2014-10-15T00:00:00Z,full,Batten Win,8,FALSE,0.1916660430837,0.183858358023243,0,0,0,0
GEP8,BW 1176,A4,27.765,27.66,30.08,NA,NA,4,A,4,1176,401176,2014-10-07T00:00:00Z,full,Batten Win,8,FALSE,0.200962747685788,0.186856156079368,0,0,0,0
GEP8,BW 1181,H3,27.455,27.435,30.115,NA,NA,3,H,4,1181,401181,2014-10-07T00:00:00Z,full,Batten Win,8,FALSE,0.158219574246285,0.156041318612702,0,0,0,0
GEP8,BW 1182,B9,27.33,26.93,30.3866666666667,NA,NA,9,B,4,1182,401182,2014-10-15T00:00:00Z,full,Batten Win,8,FALSE,0.120185381560331,0.091083486941684,0,0,0,0
GEP8,BW 1183,A1,27.915,27.79,30.175,NA,NA,1,A,4,1183,401183,2014-09-30T00:00:00Z,full,Batten Win,8,FALSE,0.208771979857093,0.191444749636798,0,0,0,0
GEP8,BW 1184,B1,27.31,27.65,30.29,NA,NA,1,B,4,1184,401184,2014-09-30T00:00:00Z,full,Batten Win,8,FALSE,0.126744934973754,0.160428237195363,0,0,0,0
GEP8,BW 1185,C9,27.14,26.635,29.765,NA,NA,9,C,4,1185,401185,2014-10-15T00:00:00Z,full,Batten Win,8,FALSE,0.162104944331376,0.114228931278675,0,0,0,0
GEP8,BW 1186,F3,26.905,26.705,29.355,NA,NA,3,F,4,1186,401186,2014-10-07T00:00:00Z,full,Batten Win,8,FALSE,0.183010711993203,0.159320078414908,0,0,0,0
GEP8,BW 1190,C1,28.56,28.055,30.605,NA,NA,1,C,4,1190,401190,2014-09-30T00:00:00Z,full,Batten Win,8,FALSE,0.242322454233766,0.170755032094299,0,0,0,0
GEP8,BW 1211,A12,26.1133333333333,25.39,29.79,NA,NA,12,A,4,1211,401211,2014-10-21T00:00:00Z,full,Batten Win,8,FALSE,0.0782011337183594,0.04736614270345,0,0,0,0
GEP8,BW 1214,G11,24.3866666666667,25.0333333333333,27.92,NA,NA,11,G,4,1214,401214,2014-10-21T00:00:00Z,full,Batten Win,8,FALSE,0.0863695549979859,0.135215583260013,0,0,0,0
GEP8,BW 1215,H11,27.15,27.04,30.085,NA,NA,11,H,4,1215,401215,2014-10-21T00:00:00Z,full,Batten Win,8,FALSE,0.130760617474066,0.121161227116883,0,0,0,0
GEP8,BW 240,B7,26.51,26.41,33.655,NA,NA,7,B,4,240,400240,2014-10-14T00:00:00Z,none,Batten Win,8,FALSE,0.007065463887196,0.00659231090726576,0,0,0,0
GEP8,BW 245,D2,27.9433333333333,27.115,NA,NA,NA,2,D,4,245,400245,2014-10-06T00:00:00Z,none,Batten Win,8,FALSE,0,0,0,0,0,0
GEP8,BW 248,E7,26.5666666666667,26.375,33.78,NA,NA,7,E,4,248,400248,2014-10-14T00:00:00Z,none,Batten Win,8,FALSE,0.00673860962493898,0.00590028353735478,0,0,0,0
GEP8,BW 254,H10,26.435,26.45,32.335,NA,NA,10,H,4,254,400254,2014-10-20T00:00:00Z,none,Batten Win,8,FALSE,0.0167464603521296,0.0169214850863426,0,0,0,0
GEP8,BW 256,B11,27.4266666666667,27.355,32.66,NA,NA,11,B,4,256,400256,2014-10-20T00:00:00Z,none,Batten Win,8,FALSE,0.0265833487797143,0.0252950692671066,0,0,0,0
GEP8,BW 271,D7,27.27,26.855,33.77,NA,NA,7,D,4,271,400271,2014-10-14T00:00:00Z,none,Batten Win,8,FALSE,0.0110485434560399,0.00828662297943922,0,0,0,0
GEP8,BW 274,C2,27.34,27.685,NA,NA,NA,2,C,4,274,400274,2014-10-06T00:00:00Z,none,Batten Win,8,FALSE,0,0,0,0,0,0
GEP8,BW 284,C11,26.1866666666667,26.4,31.25,NA,NA,11,C,4,284,400284,2014-10-20T00:00:00Z,none,Batten Win,8,FALSE,0.0299078220960594,0.0346740460021201,0,0,0,0
GEP8,CRWT 1238,B12,25.4366666666667,25.665,30.385,NA,NA,12,B,4,1238,401238,2014-10-21T00:00:00Z,full,CRWT153,8,FALSE,0.0323894249960613,0.0379435901373452,0,0,0,0
GEP8,CRWT 1245,H7,23.3533333333333,23.97,30.055,NA,NA,7,H,4,1245,401245,2014-10-15T00:00:00Z,full,CRWT153,8,FALSE,0.00960721063099939,0.0147310083737225,0,0,0,0
GEP8,CRWT 1246,G4,25.735,26.27,29.815,NA,NA,4,G,4,1246,401246,2014-10-07T00:00:00Z,full,CRWT153,8,FALSE,0.0591286029203498,0.0856739253112316,0,0,0,0
GEP8,CRWT 1252,C12,26.3033333333333,26.055,29.98,NA,NA,12,C,4,1252,401252,2014-10-21T00:00:00Z,full,CRWT153,8,FALSE,0.0782011337183594,0.0658350647471772,0,0,0,0
GEP8,CRWT 1253,F4,25.645,25.5466666666667,28.8166666666667,NA,NA,4,F,4,1253,401253,2014-10-07T00:00:00Z,full,CRWT153,8,FALSE,0.110977055341073,0.103664943226805,0,0,0,0
GEP8,CRWT 1254,D12,27.5433333333333,26.735,30.81,NA,NA,12,D,4,1254,401254,2014-10-21T00:00:00Z,full,CRWT153,8,FALSE,0.103904737017848,0.0593338825594073,0,0,0,0
GEP8,CRWT 1262,F7,27.9133333333333,28.035,NA,NA,NA,7,F,4,1262,401262,2014-10-15T00:00:00Z,full,CRWT153,8,FALSE,0,0,0,0,0,0
GEP8,CRWT 1267,G7,25.685,26.04,29.21,NA,NA,7,G,4,1267,401267,2014-10-15T00:00:00Z,full,CRWT153,8,FALSE,0.0868698887401461,0.111105335145821,0,0,0,0
GEP8,CRWT 324,G6,27.505,27.22,NA,NA,NA,6,G,4,324,400324,2014-10-14T00:00:00Z,none,CRWT153,8,FALSE,0,0,0,0,0,0
GEP8,CRWT 327,F10,26.3933333333333,26.565,NA,NA,NA,10,F,4,327,400327,2014-10-20T00:00:00Z,none,CRWT153,8,FALSE,0,0,0,0,0,0
GEP8,CRWT 329,E2,28.815,28.465,NA,NA,NA,2,E,4,329,400329,2014-10-06T00:00:00Z,none,CRWT153,8,FALSE,0,0,0,0,0,0
GEP8,CRWT 334,F2,27.5866666666667,27.555,NA,NA,NA,2,F,4,334,400334,2014-10-06T00:00:00Z,none,CRWT153,8,FALSE,0,0,0,0,0,0
GEP8,CRWT 335,A11,25.14,25.97,NA,NA,NA,11,A,4,335,400335,2014-10-20T00:00:00Z,none,CRWT153,8,FALSE,0,0,0,0,0,0
GEP8,CRWT 342,F6,26.845,26.625,NA,NA,NA,6,F,4,342,400342,2014-10-14T00:00:00Z,none,CRWT153,8,FALSE,0,0,0,0,0,0
GEP8,CRWT 350,G2,28.8566666666667,28.235,NA,NA,NA,2,G,4,350,400350,2014-10-06T00:00:00Z,none,CRWT153,8,FALSE,0,0,0,0,0,0
GEP8,CRWT 358,G10,25.6733333333333,26.105,NA,NA,NA,10,G,4,358,400358,2014-10-20T00:00:00Z,none,CRWT153,8,FALSE,0,0,0,0,0,0
GEP8,CRWT 359,E6,26.26,26.58,NA,NA,NA,6,E,4,359,400359,2014-10-14T00:00:00Z,none,CRWT153,8,FALSE,0,0,0,0,0,0
GEP8,OT 1019,B4,28.58,27.72,29.525,NA,NA,4,B,4,1019,401019,2014-10-07T00:00:00Z,full,Otane,8,FALSE,0.519429551648832,0.286181040149671,0,0,0,0
GEP8,OT 1024,G3,27.1933333333333,27.055,28.465,NA,34.355,3,G,4,1024,401024,2014-10-07T00:00:00Z,full,Otane,8,FALSE,0.414181015747308,0.376311686852767,0,0,0.00698431011279029,0.00634572184653307
GEP8,OT 1028,F9,27.47,27.42,28.575,NA,33.835,9,F,4,1028,401028,2014-10-15T00:00:00Z,full,Otane,8,FALSE,0.464902471306581,0.449066186441968,0,0,0.0121323261718912,0.0117190546037955
GEP8,OT 1029,G9,26.99,26.655,27.625,NA,34.505,9,G,4,1029,401029,2014-10-15T00:00:00Z,full,Otane,8,FALSE,0.643940814754914,0.510506062853597,0,0,0.00546713228748126,0.00433425575026504
GEP8,OT 1032,E9,26.7366666666667,26.1,27.85,NA,33.97,9,E,4,1032,401032,2014-10-15T00:00:00Z,full,Otane,8,FALSE,0.46222483010568,0.29730177875068,0,0,0.00664583719492857,0.00427458477054977
GEP8,SCN 100,D6,26.32,26.55,29.035,NA,NA,6,D,4,100,400100,2014-10-14T00:00:00Z,none,Saracen,8,FALSE,0.152301282959399,0.178624267467636,0,0,0,0
GEP8,SCN 101,B10,25.3533333333333,26.1966666666667,27.83,NA,NA,10,B,4,101,400101,2014-10-20T00:00:00Z,none,Saracen,8,FALSE,0.179659027322365,0.322342577109895,0,0,0,0
GEP8,SCN 107,C6,27.17,26.67,28.985,NA,NA,6,C,4,107,400107,2014-10-14T00:00:00Z,none,Saracen,8,FALSE,0.284204243309004,0.200962747685788,0,0,0,0
GEP8,SCN 1078,A9,26.84,27.29,28.655,NA,NA,9,A,4,1078,401078,2014-10-15T00:00:00Z,full,Saracen,8,FALSE,0.284204243309003,0.388234437500519,0,0,0,0
GEP8,SCN 1086,H12,26.495,27.035,29.09,NA,NA,12,H,4,1086,401086,2014-10-21T00:00:00Z,full,Saracen,8,FALSE,0.165511113799425,0.240648610775438,0,0,0,0
GEP8,SCN 1093,D4,27.9,27.705,28.925,NA,NA,4,D,4,1093,401093,2014-10-07T00:00:00Z,full,Saracen,8,FALSE,0.491410299272625,0.429282718218876,0,0,0,0
GEP8,SCN 1104,E4,26.83,26.705,27.8566666666667,NA,NA,4,E,4,1104,401104,2014-10-07T00:00:00Z,full,Saracen,8,FALSE,0.490842927623377,0.450104949209055,0,0,0,0
GEP8,SCN 1107,C4,26.78,26.71,28.225,NA,NA,4,C,4,1107,401107,2014-10-07T00:00:00Z,full,Saracen,8,FALSE,0.367292158319577,0.349896466398799,0,0,0,0
GEP8,SCN 1110,G8,29.34,28.22,30.28,NA,NA,8,G,4,1110,401110,2014-10-15T00:00:00Z,full,Saracen,8,FALSE,NA,NA,NA,NA,NA,NA
GEP8,SCN 1116,H8,29.85,29.075,31.265,NA,NA,8,H,4,1116,401116,2014-10-15T00:00:00Z,full,Saracen,8,FALSE,NA,NA,NA,NA,NA,NA
GEP8,SCN 113,H2,28.31,28.33,29.72,NA,NA,2,H,4,113,400113,2014-10-06T00:00:00Z,none,Saracen,8,FALSE,0.376311686852767,0.38156480224014,0,0,0,0
GEP8,SCN 117,B6,26.33,26.5,27.9833333333333,NA,NA,6,B,4,117,400117,2014-10-14T00:00:00Z,none,Saracen,8,FALSE,0.31790479159645,0.357661483108814,0,0,0,0
GEP8,SCN 133,A3,27.5366666666667,27.6,29.125,NA,NA,3,A,4,133,400133,2014-10-06T00:00:00Z,none,Saracen,8,FALSE,0.332555414776929,0.347479554960585,0,0,0,0
GEP8,SCN 147,B3,27.26,27.47,28.825,NA,NA,3,B,4,147,400147,2014-10-06T00:00:00Z,none,Saracen,8,FALSE,0.33797770825703,0.390934821564296,0,0,0,0
GEP8,SCN 98,A10,24.73,25.59,27.475,NA,NA,10,A,4,98,400098,2014-10-20T00:00:00Z,none,Saracen,8,FALSE,0.149166967878965,0.270743761381481,0,0,0,0
GEP8,SCN 99,H9,27.8033333333333,27.39,28.925,NA,NA,9,H,4,99,400099,2014-10-20T00:00:00Z,none,Saracen,8,FALSE,0.459562610983265,0.345079338349157,0,0,0,0
GEP9,AMK 1134,G11,23.755,26.2433333333333,24.935,NA,32.76,11,G,4,1134,401134,2014-11-11T00:00:00Z,full,Amarok,8,FALSE,0.441351498145328,2.47655272075488,0,0,0.00194636770083568,0.0109216401107735
GEP9,AMK 1135,D12,25.135,26.695,NA,NA,NA,12,D,4,1135,401135,2014-11-11T00:00:00Z,full,Amarok,8,FALSE,0,0,0,0,0,0
GEP9,AMK 1136,D2,26.8666666666667,29.52,27.81,NA,NA,2,D,4,1136,401136,2014-10-28T00:00:00Z,full,Amarok,8,FALSE,NA,NA,NA,NA,NA,NA
GEP9,AMK 1139,D1,25.22,27.365,29.895,32.885,NA,1,D,4,1139,401139,2014-10-21T00:00:00Z,full,Amarok,8,FALSE,0.0391457637070039,0.173138683513865,0.00492725550324707,0.0217928697867251,0,0
GEP9,AMK 1140,C1,28.0433333333333,29.055,30.755,32.46,NA,1,C,4,1140,401140,2014-10-21T00:00:00Z,full,Amarok,8,FALSE,NA,NA,NA,NA,NA,NA
GEP9,AMK 1142,E2,25.1133333333333,27.98,26.82,NA,NA,2,E,4,1142,401142,2014-10-28T00:00:00Z,full,Amarok,8,FALSE,0.306367110632282,2.23457427614444,0,0,0,0
GEP9,AMK 1145,E1,24.77,27.205,31.66,31.655,NA,1,E,4,1145,401145,2014-10-21T00:00:00Z,full,Amarok,8,FALSE,0.00843147059769083,0.0455943857575054,0.00846074254317128,0.0457526779983007,0,0
GEP9,AMK 1157,G8,25.1366666666667,26.77,25.4766666666667,NA,NA,8,G,4,1157,401157,2014-11-04T00:00:00Z,full,Amarok,8,FALSE,0.790041311863377,2.45093688505826,0,0,0,0
GEP9,AMK 1158,F2,27.1133333333333,30.15,28.77,NA,NA,2,F,4,1158,401158,2014-10-28T00:00:00Z,full,Amarok,8,FALSE,NA,NA,NA,NA,NA,NA
GEP9,AMK 1160,H8,27.555,28.39,27.885,NA,NA,8,H,4,1160,401160,2014-11-04T00:00:00Z,full,Amarok,8,FALSE,0.79553648375492,1.41912335620038,0,0,0,0
GEP9,AMK 182,H6,22.57,24.895,33.16,32.82,NA,6,H,4,182,400182,2014-11-03T00:00:00Z,none,Amarok,8,FALSE,0.000648772370164314,0.0032507763074669,0.000821187905521206,0.00411469154669858,0,0
GEP9,AMK 186,B7,27.15,29.29,NA,NA,NA,7,B,4,186,400186,2014-11-03T00:00:00Z,none,Amarok,8,FALSE,NA,NA,NA,NA,NA,NA
GEP9,AMK 197,C5,24.4333333333333,27.0766666666667,NA,32.63,NA,5,C,4,197,400197,2014-10-28T00:00:00Z,none,Amarok,8,FALSE,0,0,0.00340845424859698,0.021295119952888,0,0
GEP9,AMK 207,A5,25.69,28.19,NA,31.675,NA,5,A,4,207,400207,2014-10-28T00:00:00Z,none,Amarok,8,FALSE,0,0,0.0157883038513557,0.0893121337338184,0,0
GEP9,AMK1135,D12,NA,NA,25.68,NA,NA,12,D,4,1135,401135,2014-11-11T00:00:00Z,full,Amarok,8,FALSE,NA,NA,NA,NA,NA,NA
GEP9,BS 1035,B11,29.46,30.915,30.185,NA,NA,11,B,4,1035,401035,2014-11-11T00:00:00Z,full,Batten Spr,8,FALSE,NA,NA,NA,NA,NA,NA
GEP9,BS 1045,D11,25.87,27.425,26.6,NA,NA,11,D,4,1045,401045,2014-11-11T00:00:00Z,full,Batten Spr,8,FALSE,0.602903913845379,1.77153503820472,0,0,0,0
GEP9,BS 1048,C3,27.9133333333333,29.42,28.7,NA,NA,3,C,4,1048,401048,2014-10-28T00:00:00Z,full,Batten Spr,8,FALSE,NA,NA,NA,NA,NA,NA
GEP9,BS 1049,D3,26.76,28.525,27.695,NA,NA,3,D,4,1049,401049,2014-10-28T00:00:00Z,full,Batten Spr,8,FALSE,0.523042469896264,1.77768536233314,0,0,0,0
GEP9,BS 1051,A10,23.7633333333333,25.725,25.5433333333333,NA,NA,10,A,4,1051,401051,2014-11-04T00:00:00Z,full,Batten Spr,8,FALSE,0.291183396617114,1.1341934003407,0,0,0,0
GEP9,BS 1057,F11,25.22,26.935,26.4933333333333,NA,NA,11,F,4,1057,401057,2014-11-11T00:00:00Z,full,Batten Spr,8,FALSE,0.413702811350007,1.35817244382732,0,0,0,0
GEP9,BS 1058,B10,22.79,24.7566666666667,24.59,NA,NA,10,B,4,1058,401058,2014-11-04T00:00:00Z,full,Batten Spr,8,FALSE,0.287174588749259,1.12246204830937,0,0,0,0
GEP9,BS 1072,B3,24.17,26.53,25.67,NA,NA,3,B,4,1072,401072,2014-10-28T00:00:00Z,full,Batten Spr,8,FALSE,0.353553390593274,1.81503831063432,0,0,0,0
GEP9,BS 1073,H9,22.875,24.77,24.495,NA,NA,9,H,4,1073,401073,2014-11-04T00:00:00Z,full,Batten Spr,8,FALSE,0.325335463860484,1.20999408921929,0,0,0,0
GEP9,BS 67,D6,25.705,27.92,28.465,NA,NA,6,D,4,67,400067,2014-11-03T00:00:00Z,none,Batten Spr,8,FALSE,0.147624082678691,0.685391402489853,0,0,0,0
GEP9,BS 67,H5,25.185,27.485,27.165,NA,NA,5,H,4,67,400067,2014-10-28T00:00:00Z,none,Batten Spr,8,FALSE,0.253489869947507,1.24833054890161,0,0,0,0
GEP9,BS 79,C6,26.91,28.68,28.705,NA,NA,6,C,4,79,400079,2014-11-03T00:00:00Z,none,Batten Spr,8,FALSE,0.288171586699716,0.982820598545252,0,0,0,0
GEP9,BS 86,B6,23.785,25.78,25.9,NA,NA,6,B,4,86,400086,2014-11-03T00:00:00Z,none,Batten Spr,8,FALSE,0.230845577682349,0.920187650624877,0,0,0,0
GEP9,BS 86,G5,25.1666666666667,27.125,26.775,NA,NA,5,G,4,86,400086,2014-10-28T00:00:00Z,none,Batten Spr,8,FALSE,0.327977026109363,1.27456062731926,0,0,0,0
GEP9,BW 1165,B2,25.885,28.29,27.8133333333333,NA,NA,2,B,4,1165,401165,2014-10-28T00:00:00Z,full,Batten Win,8,FALSE,0.262732516157635,1.39152484417842,0,0,0,0
GEP9,BW 1166,B9,23.225,25.705,25.285,NA,NA,9,B,4,1166,401166,2014-11-04T00:00:00Z,full,Batten Win,8,FALSE,0.239816029831316,1.33792755478611,0,0,0,0
GEP9,BW 1172,A2,27.33,29.01,27.86,NA,NA,2,A,4,1172,401172,2014-10-28T00:00:00Z,full,Batten Win,8,FALSE,NA,NA,NA,NA,NA,NA
GEP9,BW 1177,C2,25.34,27.875,28.3,NA,NA,2,C,4,1177,401177,2014-10-28T00:00:00Z,full,Batten Win,8,FALSE,0.128514228332009,0.744838731561353,0,0,0,0
GEP9,BW 1178,D9,24.41,26.375,26.375,NA,NA,9,D,4,1178,401178,2014-11-04T00:00:00Z,full,Batten Win,8,FALSE,0.2561392057582,1,0,0,0,0
GEP9,BW 1187,C9,24.2766666666667,26.42,26.83,NA,NA,9,C,4,1187,401187,2014-11-04T00:00:00Z,full,Batten Win,8,FALSE,0.170360959623104,0.752623373705535,0,0,0,0
GEP9,BW 1190,A12,28.26,29.805,NA,NA,NA,12,A,4,1190,401190,2014-11-11T00:00:00Z,full,Batten Win,8,FALSE,NA,NA,NA,NA,NA,NA
GEP9,BW 1193,C12,25.17,27.115,NA,NA,NA,12,C,4,1193,401193,2014-11-11T00:00:00Z,full,Batten Win,8,FALSE,0,0,0,0,0,0
GEP9,BW 1198,H11,23.545,25.83,25.33,NA,NA,11,H,4,1198,401198,2014-11-11T00:00:00Z,full,Batten Win,8,FALSE,0.290175978595931,1.4142135623731,0,0,0,0
GEP9,BW 220,C4,25.4533333333333,27.685,28.645,NA,NA,4,C,4,220,400220,2014-10-28T00:00:00Z,none,Batten Win,8,FALSE,0.109449201425736,0.514056913328034,0,0,0,0
GEP9,BW 239,E4,29.385,30.445,NA,NA,NA,4,E,4,239,400239,2014-10-28T00:00:00Z,none,Batten Win,8,FALSE,NA,NA,NA,NA,NA,NA
GEP9,BW 239,G7,25.3366666666667,26.58,27.485,NA,NA,7,G,4,239,400239,2014-11-03T00:00:00Z,none,Batten Win,8,FALSE,0.225573057401269,0.534032704023925,0,0,0,0
GEP9,BW 250,D4,24.63,26.8233333333333,30.645,NA,NA,4,D,4,250,400250,2014-10-28T00:00:00Z,none,Batten Win,8,FALSE,0.0154633852564876,0.0707234926367811,0,0,0,0
GEP9,BW 258,H7,24.95,26.305,29.06,NA,NA,7,H,4,258,400258,2014-11-03T00:00:00Z,none,Batten Win,8,FALSE,0.0579117538681481,0.148136596367697,0,0,0,0
GEP9,BW 268,F7,24.135,26.32,27.305,NA,NA,7,F,4,268,400268,2014-11-03T00:00:00Z,none,Batten Win,8,FALSE,0.111105335145821,0.505225723243382,0,0,0,0
GEP9,BW1190,A12,NA,NA,28.83,NA,NA,12,A,4,1190,401190,2014-11-11T00:00:00Z,full,Batten Win,8,FALSE,NA,NA,NA,NA,NA,NA
GEP9,BW1193,C12,NA,NA,26.65,NA,NA,12,C,4,1193,401193,2014-11-11T00:00:00Z,full,Batten Win,8,FALSE,NA,NA,NA,NA,NA,NA
GEP9,CRWT 1220,B12,24.37,26.755,NA,NA,NA,12,B,4,1220,401220,2014-11-11T00:00:00Z,full,CRWT153,8,FALSE,0,0,0,0,0,0
GEP9,CRWT 1240,E10,23.225,25.6033333333333,27.93,NA,NA,10,E,4,1240,401240,2014-11-11T00:00:00Z,full,CRWT153,8,FALSE,0.0383401555391814,0.1993441720983,0,0,0,0
GEP9,CRWT 1241,F3,25.35,27.01,29.005,NA,NA,3,F,4,1241,401241,2014-10-28T00:00:00Z,full,CRWT153,8,FALSE,0.0793844364086745,0.250867937127376,0,0,0,0
GEP9,CRWT 1242,C8,22.485,25.36,26.935,NA,NA,8,C,4,1242,401242,2014-11-04T00:00:00Z,full,CRWT153,8,FALSE,0.0457526779983007,0.335643125695065,0,0,0,0
GEP9,CRWT 1247,G3,27.325,29.615,31.56,NA,NA,3,G,4,1247,401247,2014-10-28T00:00:00Z,full,CRWT153,8,FALSE,NA,NA,NA,NA,NA,NA
GEP9,CRWT 1251,B8,27.8866666666667,29.1,29.795,NA,NA,8,B,4,1251,401251,2014-11-04T00:00:00Z,full,CRWT153,8,FALSE,NA,NA,NA,NA,NA,NA
GEP9,CRWT 1263,D10,26.75,28.84,29.4,NA,NA,10,D,4,1263,401263,2014-11-11T00:00:00Z,full,CRWT153,8,FALSE,0.159320078414908,0.678302163723837,0,0,0,0
GEP9,CRWT 1265,E3,28.3,29.94,32.365,NA,NA,3,E,4,1265,401265,2014-10-28T00:00:00Z,full,CRWT153,8,FALSE,NA,NA,NA,NA,NA,NA
GEP9,CRWT 1268,C10,25.39,27.61,28.375,NA,NA,10,C,4,1268,401268,2014-11-11T00:00:00Z,full,CRWT153,8,FALSE,0.126306430810846,0.588453368609383,0,0,0,0
GEP9,CRWT 296,H10,22.955,25.205,31.845,NA,NA,10,H,4,296,400296,2014-11-11T00:00:00Z,none,CRWT153,8,FALSE,0.00210786764942271,0.0100267648247102,0,0,0,0
GEP9,CRWT 299,E7,23.98,26.6333333333333,33.4,NA,NA,7,E,4,299,400299,2014-11-03T00:00:00Z,none,CRWT153,8,FALSE,0.00145981371937006,0.0091839680178407,0,0,0,0
GEP9,CRWT 302,D7,27.7366666666667,30.575,NA,NA,NA,7,D,4,302,400302,2014-11-03T00:00:00Z,none,CRWT153,8,FALSE,NA,NA,NA,NA,NA,NA
GEP9,CRWT 306,F10,22.12,24.8666666666667,32.5,NA,NA,10,F,4,306,400306,2014-11-11T00:00:00Z,none,CRWT153,8,FALSE,0.000750427334613288,0.00503660276734211,0,0,0,0
GEP9,CRWT 307,G4,26.8533333333333,29.7,NA,NA,NA,4,G,4,307,400307,2014-10-28T00:00:00Z,none,CRWT153,8,FALSE,NA,NA,NA,NA,NA,NA
GEP9,CRWT 313,F4,25.585,28.4,32.275,NA,NA,4,F,4,313,400313,2014-10-28T00:00:00Z,none,CRWT153,8,FALSE,0.00968521640577335,0.0681567332915786,0,0,0,0
GEP9,CRWT 337,G10,25.49,27.025,NA,NA,NA,10,G,4,337,400337,2014-11-11T00:00:00Z,none,CRWT153,8,FALSE,0,0,0,0,0,0
GEP9,CRWT 352,C7,27.32,28.81,NA,NA,NA,7,C,4,352,400352,2014-11-03T00:00:00Z,none,CRWT153,8,FALSE,0,0,0,0,0,0
GEP9,CRWT 352,H4,25.015,27.315,NA,NA,NA,4,H,4,352,400352,2014-10-28T00:00:00Z,none,CRWT153,8,FALSE,0,0,0,0,0,0
GEP9,CRWT1220,B12,NA,NA,26.74,NA,NA,12,B,4,1220,401220,2014-11-11T00:00:00Z,full,CRWT153,8,FALSE,NA,NA,NA,NA,NA,NA
GEP9,OTE 1014,D8,28.975,30.34,30.205,NA,NA,8,D,4,1014,401014,2014-11-04T00:00:00Z,full,Otane,8,FALSE,NA,NA,NA,NA,NA,NA
GEP9,OTE 1016,H1,26.92,28.61,27.325,NA,33.57,1,H,4,1016,401016,2014-10-21T00:00:00Z,full,Otane,8,FALSE,0.755236292781414,2.43682052735038,0,0,0.00995750490093174,0.0321285570830021
GEP9,OTE 1018,F8,23.33,25.8033333333333,25.365,NA,NA,8,F,4,1018,401018,2014-11-04T00:00:00Z,full,Otane,8,FALSE,0.244007940194056,1.35503802158111,0,0,0,0
GEP9,OTE 1021,B4,28.22,29.565,28.39,NA,33.8,4,B,4,1021,401021,2014-10-28T00:00:00Z,full,Otane,8,FALSE,NA,NA,NA,NA,NA,NA
GEP9,OTE 1022,E8,26.05,27.945,27.01,NA,30.68,8,E,4,1022,401022,2014-11-04T00:00:00Z,full,Otane,8,FALSE,0.514056913328034,1.91189063518749,0,0,0.0403860259574217,0.150204506190856
GEP9,OTE 1023,H3,27.27,29.64,27.455,NA,33.5,3,H,4,1023,401023,2014-10-28T00:00:00Z,full,Otane,8,FALSE,NA,NA,NA,NA,NA,NA
GEP9,OTE 1030,A4,25.7933333333333,27.96,26.56,NA,33.51,4,A,4,1030,401030,2014-10-28T00:00:00Z,full,Otane,8,FALSE,0.587773953141805,2.63901582154579,0,0,0.00475391997527575,0.0213443790117875
GEP9,OTE 1031,G1,26.76,28.38,27.4966666666667,NA,NA,1,G,4,1031,401031,2014-10-21T00:00:00Z,full,Otane,8,FALSE,0.600124333332633,1.84463238717188,0,0,0,0
GEP9,SCN 103,F6,24.8033333333333,27.455,26.74,NA,NA,6,F,4,103,400103,2014-11-03T00:00:00Z,none,Saracen,8,FALSE,0.261219288215218,1.64148321762099,0,0,0,0
GEP9,SCN 1087,A11,28.915,30.565,29.57,NA,NA,11,A,4,1087,401087,2014-11-11T00:00:00Z,full,Saracen,8,FALSE,NA,NA,NA,NA,NA,NA
GEP9,SCN 1088,E11,24.245,25.9866666666667,25.08,NA,NA,11,E,4,1088,401088,2014-11-11T00:00:00Z,full,Saracen,8,FALSE,0.560583039014255,1.87470899311996,0,0,0,0
GEP9,SCN 1096,C11,24.615,27.3,26.455,NA,NA,11,C,4,1096,401096,2014-11-11T00:00:00Z,full,Saracen,8,FALSE,0.279321784518056,1.79626474576787,0,0,0,0
GEP9,SCN 1100,G2,26.215,28.64,27.08,NA,NA,2,G,4,1100,401100,2014-10-28T00:00:00Z,full,Saracen,8,FALSE,0.549046406893525,2.94853843458221,0,0,0,0
GEP9,SCN 1102,F9,22.355,25.2,24.305,NA,NA,9,F,4,1102,401102,2014-11-04T00:00:00Z,full,Saracen,8,FALSE,0.258816230960345,1.85960988522632,0,0,0,0
GEP9,SCN 1103,E9,23.215,26.0566666666667,24.725,NA,NA,9,E,4,1103,401103,2014-11-04T00:00:00Z,full,Saracen,8,FALSE,0.351111218934499,2.51693274487773,0,0,0,0
GEP9,SCN 1105,B1,26.865,29.355,28.05,NA,NA,1,B,4,1105,401105,2014-10-21T00:00:00Z,full,Saracen,8,FALSE,NA,NA,NA,NA,NA,NA
GEP9,SCN 1108,H2,25.94,27.795,26.485,NA,NA,2,H,4,1108,401108,2014-10-28T00:00:00Z,full,Saracen,8,FALSE,0.685391402489853,2.47941539987798,0,0,0,0
GEP9,SCN 1111,G9,22.675,25.485,24.385,NA,NA,9,G,4,1111,401111,2014-11-04T00:00:00Z,full,Saracen,8,FALSE,0.305660069423018,2.14354692507259,0,0,0,0
GEP9,SCN 1112,A1,26.195,28.92,27.18,NA,NA,1,A,4,1112,401112,2014-10-21T00:00:00Z,full,Saracen,8,FALSE,0.505225723243382,3.34035167771348,0,0,0,0
GEP9,SCN 1115,A3,31.39,32.29,31.48,NA,NA,3,A,4,1115,401115,2014-10-28T00:00:00Z,full,Saracen,8,FALSE,NA,NA,NA,NA,NA,NA
GEP9,SCN 125,E5,23.3433333333333,25.99,24.97,NA,NA,5,E,4,125,400125,2014-10-28T00:00:00Z,none,Saracen,8,FALSE,0.323835562972987,2.02791895958006,0,0,0,0
GEP9,SCN 125,G6,24.46,26.66,25.655,NA,NA,6,G,4,125,400125,2014-11-03T00:00:00Z,none,Saracen,8,FALSE,0.436786447958347,2.006943497019,0,0,0,0
GEP9,SCN 132,D5,23,25.905,25.01,NA,NA,5,D,4,132,400132,2014-10-28T00:00:00Z,none,Saracen,8,FALSE,0.248273123859259,1.85960988522633,0,0,0,0
GEP9,SCN 132,E6,25.69,27.965,27.15,NA,NA,6,E,4,132,400132,2014-11-03T00:00:00Z,none,Saracen,8,FALSE,0.363493129330077,1.75929815184487,0,0,0,0
GEP9,SCN 142,F5,25.12,27.8,26.4,NA,NA,5,F,4,142,400142,2014-10-28T00:00:00Z,none,Saracen,8,FALSE,0.411795508633787,2.63901582154579,0,0,0,0
