Plate,sample_well,Name,EGF1a,Ta54227,VRN1,VRN2,VRN3,VRN1_TA,VRN2_TA,VRN3_TA,Col,Row,Experiment,Plot.ID.Old,Plot.IDNew,SampleDate,Vern,Cult,Pp,TaNorm
GEP1,A1,AMK105,24.035,24.665,NaN,31.1,NaN,0,0.0115577149160065,0,1,A,3,105,300105,2014-02-04,None,Amarok,16,1.06032906764168
GEP1,A10,SCN2,22.195,22.3033333333333,23.665,32.955,30.735,0.389132486587164,0.000621625511389355,0.00289611244528324,10,A,3,2,300002,2014-03-04,None,Saracen,16,1.06032906764168
GEP1,A11,AMK190,21.865,22.795,NaN,29.5833333333333,NaN,0,0.00904707198941353,0,11,A,3,190,300190,2014-03-04,None,Amarok,16,1.06032906764168
GEP1,A12,SCN123,20.905,22.28,28.035,30.475,NaN,0.0185170745459622,0.00341239412467459,0,12,A,3,123,300123,2014-03-11,None,Saracen,16,1.06032906764168
GEP1,A2,CRWT262,21.185,22.87,NaN,29.68,NaN,0,0.00891221653022205,0,2,A,3,262,300262,2014-02-04,None,CRWT153,16,1.06032906764168
GEP1,A3,SCN326,20.7166666666667,21.435,28.075,28.03,NaN,0.0100267648247102,0.010344444612464,0,3,A,3,326,300326,2014-02-11,None,Saracen,16,1.06032906764168
GEP1,A4,OT55,22.25,22.67,25.76,31.475,NaN,0.117440343651751,0.00223578937616931,0,4,A,3,55,300055,2014-02-11,None,Otane,16,1.06032906764168
GEP1,A5,AMK212,22.28,22.89,NaN,29.34,NaN,0,0.0114381694995752,0,5,A,3,212,300212,2014-02-11,None,Amarok,16,1.06032906764168
GEP1,A7,OT242,21.13,21.915,21.62,NaN,25.13,1.22688497725381,0,0.107693269964002,7,A,3,242,300242,2014-02-18,None,Otane,16,1.06032906764168
GEP1,A8,OT84,24.4633333333333,23.9133333333333,23.85,NaN,27.015,1.04487715286087,0,0.116494466490885,8,A,3,84,300084,2014-02-25,None,Otane,16,1.06032906764168
GEP1,A9,AMK159,21.715,22.145,NaN,29.37,NaN,0,0.00668433613814534,0,9,A,3,159,300159,2014-02-25,None,Amarok,16,1.06032906764168
GEP1,B1,BS167,22.93,22.7766666666667,25.88,32.93,34.045,0.116359964512235,0.000878096226209166,0.00040540926119989,1,B,3,167,300167,2014-02-04,None,Batten Spr,16,1.06032906764168
GEP1,B10,BW158,21.6066666666667,22.64,NaN,30.925,NaN,0,0.00320602190941602,0,10,B,3,158,300158,2014-03-04,None,Batten Win,16,1.06032906764168
GEP1,B11,SCN309,25.535,24.7566666666667,27.77,31.64,NaN,0.123850076658153,0.00847052242422981,0,11,B,3,309,300309,2014-03-04,None,Saracen,16,1.06032906764168
GEP1,B12,BW102,21.26,21.7866666666667,NaN,31.475,NaN,0,0.0012120514589886,0,12,B,3,102,300102,2014-03-11,None,Batten Win,16,1.06032906764168
GEP1,B2,BS30,22.845,23.295,26.685,33.485,NaN,0.0953912005600349,0.000856060274722692,0,2,B,3,30,300030,2014-02-04,None,Batten Spr,16,1.06032906764168
GEP1,B3,BS80,20.9233333333333,21.45,24.515,29.835,33.575,0.119493164699218,0.00299132421307496,0.000223877940235515,3,B,3,80,300080,2014-02-11,None,Batten Spr,16,1.06032906764168
GEP1,B4,BW154,22.6833333333333,23.1933333333333,32.015,29.4966666666667,NaN,0.00221010914489941,0.0126621540814053,0,4,B,3,154,300154,2014-02-11,None,Batten Win,16,1.06032906764168
GEP1,B5,AMK278,21.975,22.34,NaN,28.895,NaN,0,0.0106352665351521,0,5,B,3,278,300278,2014-02-11,None,Amarok,16,1.06032906764168
GEP1,B6,AMK63,23.765,23.91,NaN,31.26,NaN,0,0.00612956326481837,0,6,B,3,63,300063,2014-02-18,None,Amarok,16,1.06032906764168
GEP1,B7,BW207,22.34,22.95,NaN,29.825,NaN,0,0.0085195916614473,0,7,B,3,207,300207,2014-02-18,None,Batten Win,16,1.06032906764168
GEP1,B8,BW43,21.7733333333333,22.55,31.04,30.13,NaN,0.00278134803827553,0.00522627951088323,0,8,B,3,43,300043,2014-02-25,None,Batten Win,16,1.06032906764168
GEP1,B9,BS246,19.2966666666667,19.935,21.24,NaN,27.685,0.404721108273705,0,0.00464534029297939,9,B,3,246,300246,2014-02-25,None,Batten Spr,16,1.06032906764168
GEP1,C1,CRWT140,23.32,24.645,NaN,32.59,NaN,0,0.00405804337225651,0,1,C,3,140,300140,2014-02-04,None,CRWT153,16,1.06032906764168
GEP1,C10,CRWT8,22.79,23.3133333333333,NaN,30.765,NaN,0,0.00571248161885713,0,10,C,3,8,300008,2014-03-04,None,CRWT153,16,1.06032906764168
GEP1,C11,AMK88,21.37,22.43,NaN,28.04,NaN,0,0.0204748969352869,0,11,C,3,88,300088,2014-03-04,None,Amarok,16,1.06032906764168
GEP1,C12,BS18,21.59,22.355,23.33,NaN,26.005,0.508739846051344,0,0.0796600392074538,12,C,3,18,300018,2014-03-11,None,Batten Spr,16,1.06032906764168
GEP1,C2,AMK306,23.82,23.355,NaN,30.53,NaN,0,0.00692005874298719,0,2,C,3,306,300306,2014-02-04,None,Amarok,16,1.06032906764168
GEP1,C3,AMK36,21.45,22.365,NaN,28.565,NaN,0,0.0136023525515019,0,3,C,3,36,300036,2014-02-11,None,Amarok,16,1.06032906764168
GEP1,C5,AMK239,22.6166666666667,23.515,NaN,30.1266666666667,NaN,0,0.0102256285321847,0,5,C,3,239,300239,2014-02-18,None,Amarok,16,1.06032906764168
GEP1,C6,SCN101,22.21,23.1733333333333,27.3733333333333,30.075,NaN,0.0544094102060078,0.00836356262652103,0,6,C,3,101,300101,2014-02-18,None,Saracen,16,1.06032906764168
GEP1,C7,BS225,21.6666666666667,22.48,24.06,NaN,28.87,0.334481888696528,0,0.0119239000700044,7,C,3,225,300225,2014-02-18,None,Batten Spr,16,1.06032906764168
GEP1,C8,AMK75,23.665,24.645,NaN,30.435,NaN,0,0.0180732528735201,0,8,C,3,75,300075,2014-02-25,None,Amarok,16,1.06032906764168
GEP1,C9,OT251,22.82,22.98,23.0233333333333,NaN,26.45,0.970410231493541,0,0.0902455747201559,9,C,3,251,300251,2014-02-25,None,Otane,16,1.06032906764168
GEP1,D1,CRWT64,23.56,24.2366666666667,NaN,31.395,NaN,0,0.00700046595243714,0,1,D,3,64,300064,2014-02-04,None,CRWT153,16,1.06032906764168
GEP1,D10,BS252,21.5633333333333,22.26,23.11,NaN,27.96,0.554784736033923,0,0.0192366314585143,10,D,3,252,300252,2014-03-04,None,Batten Spr,16,1.06032906764168
GEP1,D11,BS93,22.595,22.935,24.1333333333333,NaN,28.4133333333333,0.435778421941072,0,0.0224314496143565,11,D,3,93,300093,2014-03-04,None,Batten Spr,16,1.06032906764168
GEP1,D12,AMK9,23.885,24.545,NaN,32.265,NaN,0,0.00474294876716816,0,12,D,3,9,300009,2014-03-11,None,Amarok,16,1.06032906764168
GEP1,D2,BW332,21.9,22.55,NaN,28.63,NaN,0,0.0147821507300874,0,2,D,3,332,300332,2014-02-04,None,Batten Win,16,1.06032906764168
GEP1,D4,CRWT261,21.49,22.455,NaN,28.78,NaN,0,0.0124734122868226,0,4,D,3,261,300261,2014-02-11,None,CRWT153,16,1.06032906764168
GEP1,D5,CRWT175,21.2533333333333,21.8666666666667,NaN,29.49,NaN,0,0.00507163511000616,0,5,D,3,175,300175,2014-02-18,None,CRWT153,16,1.06032906764168
GEP1,D6,SCN130,21.8533333333333,22.94,29.025,30.25,NaN,0.0147310083737225,0.00630188874392285,0,6,D,3,130,300130,2014-02-18,None,Saracen,16,1.06032906764168
GEP1,D7,BW328,21.5933333333333,22.54,NaN,29.115,NaN,0,0.0104888476779708,0,7,D,3,328,300328,2014-02-18,None,Batten Win,16,1.06032906764168
GEP1,D8,CRWT133,22.3666666666667,23.16,NaN,30.675,NaN,0,0.00546713228748123,0,8,D,3,133,300133,2014-02-25,None,CRWT153,16,1.06032906764168
GEP1,D9,AMK227,22.2366666666667,23.335,29.61,29.675,NaN,0.0129132862211596,0.0123443954978653,0,9,D,3,227,300227,2014-02-25,None,Amarok,16,1.06032906764168
GEP1,E1,BW107,23.275,23.42,NaN,29.885,NaN,0,0.01131986058246,0,1,E,3,107,300107,2014-02-04,None,Batten Win,16,1.06032906764168
GEP1,E10,CRWT186,23.55,23.825,NaN,32.88,NaN,0,0.00188006727168312,0,10,E,3,186,300186,2014-03-04,None,CRWT153,16,1.06032906764168
GEP1,E12,SCN95,21.56,22.68,27.77,NaN,NaN,0.0293600859129378,0,0,12,E,3,95,300095,2014-03-11,None,Saracen,16,1.06032906764168
GEP1,E2,BS243,24.3733333333333,24.74,28.56,NaN,NaN,0.0708052428309874,0,0,2,E,3,243,300243,2014-02-04,None,Batten Spr,16,1.06032906764168
GEP1,E3,CRWT98,21.5066666666667,21.875,NaN,28.7266666666667,NaN,0,0.00865850302558789,0,3,E,3,98,300098,2014-02-11,None,CRWT153,16,1.06032906764168
GEP1,E4,OT241,21.2233333333333,21.71,23.605,30.84,28.34,0.268873597614345,0.0017848270512293,0.0100965064893554,4,E,3,241,300241,2014-02-11,None,Otane,16,1.06032906764168
GEP1,E5,OT48,21.8966666666667,22.28,22.31,NaN,24.76,0.979420297586929,0,0.179244406001979,5,E,3,48,300048,2014-02-18,None,Otane,16,1.06032906764168
GEP1,E6,AMK193,22.5133333333333,23.44,NaN,31.56,NaN,0,0.00359448301025342,0,6,E,3,193,300193,2014-02-18,None,Amarok,16,1.06032906764168
GEP1,E7,BS100,23.74,23.6066666666667,25.0766666666667,NaN,31.855,0.360982298880623,0,0.0032885485087064,7,E,3,100,300100,2014-02-25,None,Batten Spr,16,1.06032906764168
GEP1,E9,BS132,22.1133333333333,22.5233333333333,23.7066666666667,NaN,29.5466666666667,0.440332936798074,0,0.00768716135553213,9,E,3,132,300132,2014-02-25,None,Batten Spr,16,1.06032906764168
GEP1,F1,OT31,27.525,26.5733333333333,28.725,NaN,33.16,0.225052474604527,0,0.0104043693704837,1,F,3,31,300031,2014-02-04,None,Otane,16,1.06032906764168
GEP1,F10,AMK304,24.46,25.425,NaN,33.315,NaN,0,0.00421573529884543,0,10,F,3,304,300304,2014-03-04,None,Amarok,16,1.06032906764168
GEP1,F11,OT188,23.825,24.935,25.68,NaN,27.3366666666667,0.596667871515861,0,0.189245819138925,11,F,3,188,300188,2014-03-11,None,Otane,16,1.06032906764168
GEP1,F12,BW219,25.7266666666667,25.48,NaN,NaN,NaN,0,0,0,12,F,3,219,300219,2014-03-11,None,Batten Win,16,1.06032906764168
GEP1,F2,SCN267,25.3533333333333,25.4266666666667,31.43,32.835,NaN,0.0155889402582347,0.00588666672451005,0,2,F,3,267,300267,2014-02-04,None,Saracen,16,1.06032906764168
GEP1,F3,SCN118,22.59,22.895,27.6733333333333,28.805,NaN,0.0364399974060104,0.0166307841008337,0,3,F,3,118,300118,2014-02-11,None,Saracen,16,1.06032906764168
GEP1,F4,CRWT184,21.7533333333333,23.925,NaN,29.985,NaN,0,0.0149885018644572,0,4,F,3,184,300184,2014-02-11,None,CRWT153,16,1.06032906764168
GEP1,F5,CRWT32,23.6966666666667,24.77,NaN,32.005,NaN,0,0.00663816405577072,0,5,F,3,32,300032,2014-02-18,None,CRWT153,16,1.06032906764168
GEP1,F7,CRWT37,21.795,23.2,NaN,28.65,NaN,0,0.0228763389991504,0,7,F,3,37,300037,2014-02-25,None,CRWT153,16,1.06032906764168
GEP1,F8,BW238,22.5066666666667,23.4633333333333,NaN,31.61,NaN,0,0.00352865312809056,0,8,F,3,238,300238,2014-02-25,None,Batten Win,16,1.06032906764168
GEP1,F9,SCN286,23.5166666666667,24.67,31.275,31.82,NaN,0.0102729903141021,0.00704101923914712,0,9,F,3,286,300286,2014-02-25,None,Saracen,16,1.06032906764168
GEP1,G1,AMK157,25.16,24.6466666666667,NaN,30.66,NaN,0,0.0154812595822692,0,1,G,3,157,300157,2014-02-04,None,Amarok,16,1.06032906764168
GEP1,G10,BW280,21.6566666666667,22.34,NaN,31.05,NaN,0,0.00238796929236733,0,10,G,3,280,300280,2014-03-04,None,Batten Win,16,1.06032906764168
GEP1,G11,OT203,21.695,22.9333333333333,23.495,NaN,25.2233333333333,0.677519010790553,0,0.204475514639445,11,G,3,203,300203,2014-03-11,None,Otane,16,1.06032906764168
GEP1,G2,OT235,24.61,24.585,28.6433333333333,32.45,NaN,0.0600233090656878,0.00428942505385566,0,2,G,3,235,300235,2014-02-04,None,Otane,16,1.06032906764168
GEP1,G3,SCN53,22.12,22.895,32.095,29.725,NaN,0.00170029406893774,0.00878951941163131,0,3,G,3,53,300053,2014-02-11,None,Saracen,16,1.06032906764168
GEP1,G4,BW224,22.9266666666667,23.36,NaN,31.57,NaN,0,0.00337709855979635,0,4,G,3,224,300224,2014-02-11,None,Batten Win,16,1.06032906764168
GEP1,G5,BS139,21.17,21.7733333333333,24.1,33.44,29.7966666666667,0.1993441720983,0.000307597912571991,0.00384358067776606,5,G,3,139,300139,2014-02-18,None,Batten Spr,16,1.06032906764168
GEP1,G6,SCN312,21.6833333333333,22.825,28.19,29.755,NaN,0.0242646523437825,0.00820091159080522,0,6,G,3,312,300312,2014-02-18,None,Saracen,16,1.06032906764168
GEP1,G7,SCN103,28.355,26.06,26.1733333333333,NaN,NaN,0.92444966021136,0,0,7,G,3,103,300103,2014-02-25,None,Saracen,16,1.06032906764168
GEP1,G9,BW39,22.3166666666667,22.675,NaN,33.15,NaN,0,0.000702604287114659,0,9,G,3,39,300039,2014-03-04,None,Batten Win,16,1.06032906764168
GEP1,H1,OT211,25.275,23.86,25.935,31.985,33.93,0.237335530237629,0.00358204704376825,0.000930310544964782,1,H,3,211,300211,2014-02-04,None,Otane,16,1.06032906764168
GEP1,H11,OT323,21.68,22.83,24.515,NaN,24.735,0.311002913324617,0,0.267016352011963,11,H,3,323,300323,2014-03-11,None,Otane,16,1.06032906764168
GEP1,H12,CRWT223,22.5233333333333,22.5866666666667,NaN,33.55,NaN,0,0.000500850156950205,0,12,H,3,223,300223,2014-03-11,None,CRWT153,16,1.06032906764168
GEP1,H2,SCN291,22.7266666666667,23.5633333333333,31.4,30.295,NaN,0.00437449845330765,0.0094094970951937,0,2,H,3,291,300291,2014-02-04,None,Saracen,16,1.06032906764168
GEP1,H3,BW52,20.45,21.05,NaN,29.37,NaN,0,0.00312917920933446,0,3,H,3,52,300052,2014-02-11,None,Batten Win,16,1.06032906764168
GEP1,H4,BS297,20.34,21.375,23.835,29.51,32.565,0.181746564665039,0.00355730403746867,0.000428030137361346,4,H,3,297,300297,2014-02-11,None,Batten Spr,16,1.06032906764168
GEP1,H5,BS108,21.85,22.645,24.8133333333333,32.17,31.695,0.222467526461689,0.00135734201156478,0.00188659439243134,5,H,3,108,300108,2014-02-18,None,Batten Spr,16,1.06032906764168
GEP1,H6,CRWT230,21.745,22.95,NaN,29.55,NaN,0,0.0103086555529132,0,6,H,3,230,300230,2014-02-18,None,CRWT153,16,1.06032906764168
GEP1,H7,BW120,23.795,24.51,NaN,31.295,NaN,0,0.00906799933112279,0,7,H,3,120,300120,2014-02-25,None,Batten Win,16,1.06032906764168
GEP1,H8,OT202,23.87,23.65,23.19,NaN,27.43,1.37554181813974,0,0.0727958491542784,8,H,3,202,300202,2014-02-25,None,Otane,16,1.06032906764168
GEP1,H9,BS168,23.88,23.725,24.8833333333333,NaN,30.175,0.448029820955977,0,0.0114381694995752,9,H,3,168,300168,2014-03-04,None,Batten Spr,16,1.06032906764168
GEP2,A1,BW317,24.61,26.605,NaN,32.63,NaN,0,0.0153565718522696,0,1,A,3,317,300317,2014-03-11,None,Batten Win,16,0.989761092150171
GEP2,A10,BW174,27.665,28.435,NaN,NaN,NaN,0,0,0,10,A,3,174,300174,2014-04-23,None,Batten Win,16,0.989761092150171
GEP2,A11,BW115,24.185,26.5,28.92,NaN,NaN,0.186856156079367,0,0,11,A,3,115,300115,2014-05-16,Full,Batten Win,16,0.989761092150171
GEP2,A12,BW218,24.085,25.9,28.845,33.425,32.215,0.129857387912208,0.00542936804625913,0.0125601717303617,12,A,3,218,300218,2014-05-16,Full,Batten Win,16,0.989761092150171
GEP2,A2,AMK17,26.66,27.97,NaN,NaN,NaN,0,0,0,2,A,3,17,300017,2014-03-18,None,Amarok,16,0.989761092150171
GEP2,A4,AMK19,24.835,26.76,NaN,NaN,NaN,0,0,0,4,A,3,19,300019,2014-03-25,None,Amarok,16,0.989761092150171
GEP2,A7,BW33,NaN,26.72,NaN,NaN,NaN,0,0,0,7,A,3,33,300033,2014-04-09,None,Batten Win,16,0.989761092150171
GEP2,A9,CRWT12,25.7,27.415,NaN,NaN,NaN,0,0,0,9,A,3,12,300012,2014-04-23,None,CRWT153,16,0.989761092150171
GEP2,B1,AMK117,22.74,25.265,NaN,31.33,NaN,0,0.0149366455874022,0,1,B,3,117,300117,2014-03-11,None,Amarok,16,0.989761092150171
GEP2,B11,SCN144,23.42,25.38,27.635,32.95,32.145,0.209496783666987,0.00526263115963159,0.00919458388452159,11,B,3,144,300144,2014-05-16,Full,Saracen,16,0.989761092150171
GEP2,B12,BS129,23.2,25.39,28.25,NaN,31.635,0.137738139484576,0,0.0131846218145316,12,B,3,129,300129,2014-05-16,Full,Batten Spr,16,0.989761092150171
GEP2,B5,SCN292,25.95,26.75,30.615,31.185,NaN,0.0686308008616905,0.0462308596640262,0,5,B,3,292,300292,2014-03-25,None,Saracen,16,0.989761092150171
GEP2,B9,AMK86,25.355,26.725,NaN,32.16,NaN,0,0.0231154298320132,0,9,B,3,86,300086,2014-04-23,None,Amarok,16,0.989761092150171
GEP2,C1,BS161,25.41,26.54,26.92,NaN,28.545,0.768437590644005,0,0.249135065706967,1,C,3,161,300161,2014-03-11,None,Batten Spr,16,0.989761092150171
GEP2,C11,AMK91,24.02,25.6766666666667,28.42,33.01,32.145,0.149339391894502,0.00620078535925075,0.0112937363424969,11,C,3,91,300091,2014-05-16,Full,Amarok,16,0.989761092150171
GEP2,C12,SCN314,21.775,24.0766666666667,25.55,NaN,32.475,0.360149215457938,0,0.00296380586478982,12,C,3,314,300314,2014-05-16,Full,Saracen,16,0.989761092150171
GEP2,C5,AMK268,25.81,28.57,NaN,NaN,NaN,0,0,0,5,C,3,268,300268,2014-03-25,None,Amarok,16,0.989761092150171
GEP2,C7,SCN71,26.82,28.7633333333333,NaN,33.57,NaN,0,0.0357313277177159,0,7,C,3,71,300071,2014-04-09,None,Saracen,16,0.989761092150171
GEP2,C9,BW155,26.895,27.345,NaN,33.09,NaN,0,0.0186458709848706,0,9,C,3,155,300155,2014-04-23,None,Batten Win,16,0.989761092150171
GEP2,D1,CRWT125,23.425,26.13,NaN,32.055,NaN,0,0.0164587661867943,0,1,D,3,125,300125,2014-03-11,None,CRWT153,16,0.989761092150171
GEP2,D11,OT143,24.205,26.44,25.6066666666667,NaN,30.575,1.78179743628068,0,0.0569168645994987,11,D,3,143,300143,2014-05-16,Full,Otane,16,0.989761092150171
GEP2,D7,SCN131,27.42,29.3166666666667,30.57,NaN,NaN,0.419477887384125,0,0,7,D,3,131,300131,2014-04-09,None,Saracen,16,0.989761092150171
GEP2,D8,CRWT195,26.805,28.3,NaN,30.93,NaN,0,0.161544103829686,0,8,D,3,195,300195,2014-04-23,None,CRWT153,16,0.989761092150171
GEP2,D9,AMK153,26.17,28.655,NaN,31.4566666666667,NaN,0,0.143421511605849,0,9,D,3,153,300153,2014-04-23,None,Amarok,16,0.989761092150171
GEP2,E1,CRWT23,22.2533333333333,24.675,NaN,33.035,NaN,0,0.00304361163929884,0,1,E,3,23,300023,2014-03-11,None,CRWT153,16,0.989761092150171
GEP2,E11,BS46,26.555,27.585,29.72,NaN,31.235,0.227667458397995,0,0.079660039207454,11,E,3,46,300046,2014-05-16,Full,Batten Spr,16,0.989761092150171
GEP2,E12,AMK72,23.9,25.31,29.56,32.295,NaN,0.0525560259533572,0.00789415192567783,0,12,E,3,72,300072,2014-05-16,Full,Amarok,16,0.989761092150171
GEP2,E2,BS148,21.48,23.7633333333333,24.55,NaN,25.205,0.579681895437794,0,0.368141764525131,2,E,3,148,300148,2014-03-18,None,Batten Spr,16,0.989761092150171
GEP2,E3,BS270,21.645,23.725,24.26,NaN,25.355,0.690158676698315,0,0.323088207659374,3,E,3,270,300270,2014-03-18,None,Batten Spr,16,0.989761092150171
GEP2,E4,SCN34,24.965,26.76,31.565,NaN,NaN,0.0357726300187089,0,0,4,E,3,34,300034,2014-03-25,None,Saracen,16,0.989761092150171
GEP2,E7,BW214,28.68,28.77,NaN,NaN,NaN,0,0,0,7,E,3,214,300214,2014-04-09,None,Batten Win,16,0.989761092150171
GEP2,E8,BW288,28.765,28.795,NaN,33.44,NaN,0,0.0399682994149198,0,8,E,3,288,300288,2014-04-23,None,Batten Win,16,0.989761092150171
GEP2,E9,CRWT12,NaN,NaN,NaN,NaN,NaN,0,0,0,9,E,3,12,300012,2014-04-23,None,CRWT153,16,0.989761092150171
GEP2,F10,CRWT45,22.42,24.9766666666667,30.47,31.33,NaN,0.0221994334238903,0.0122308346296735,0,10,F,3,45,300045,2014-05-16,Full,CRWT153,16,0.989761092150171
GEP2,F11,CRWT308,23.14,25.3366666666667,27.6433333333333,32.7,NaN,0.202126913039965,0.00607317504183004,0,11,F,3,308,300308,2014-05-16,Full,CRWT153,16,0.989761092150171
GEP2,F12,BW25,22.8733333333333,24.97,28.3366666666667,NaN,32.165,0.0969465476146084,0,0.00682478824934917,12,F,3,25,300025,2014-05-16,Full,Batten Win,16,0.989761092150171
GEP2,F2,SCN170,24.21,26.4466666666667,32.35,NaN,NaN,0.0167078124778397,0,0,2,F,3,170,300170,2014-03-18,None,Saracen,16,0.989761092150171
GEP2,F3,BW206,25.695,26.81,NaN,NaN,NaN,0,0,0,3,F,3,206,300206,2014-03-18,None,Batten Win,16,0.989761092150171
GEP2,F5,BW33,22.56,24.3033333333333,33.04,31.845,NaN,0.0023442356770806,0.00536700643538317,0,5,F,3,33,300033,2014-04-01,None,Batten Win,16,0.989761092150171
GEP2,F7,BW279,30.78,31.95,NaN,NaN,NaN,0,0,0,7,F,3,279,300279,2014-04-09,None,Batten Win,16,0.989761092150171
GEP2,F9,OT150,26.74,27.44,NaN,NaN,NaN,0,0,0,9,F,3,156,300156,2014-04-23,None,Batten Win,16,0.989761092150171
GEP2,G1,BS264,21.65,23.655,24.43,NaN,25.405,0.584388624280623,0,0.29730177875068,1,G,3,264,300264,2014-03-11,None,Batten Spr,16,0.989761092150171
GEP2,G10,BS329,22.89,24.71,26.82,NaN,31.2,0.231647015472593,0,0.0111253921531021,10,G,3,329,300329,2014-05-16,Full,Batten Spr,16,0.989761092150171
GEP2,G11,AMK245,24.26,25.745,27.755,NaN,29.61,0.248273123859258,0,0.0686308008616905,11,G,3,245,300245,2014-05-16,Full,Amarok,16,0.989761092150171
GEP2,G12,OT49,25.405,26.45,27.94,NaN,32.055,0.356012548899268,0,0.0205459806282042,12,G,3,49,300049,2014-05-16,Full,Otane,16,0.989761092150171
GEP2,G2,AMK191,28.28,28.525,NaN,33.905,NaN,0,0.0240136747076252,0,2,G,3,191,300191,2014-03-18,None,Amarok,16,0.989761092150171
GEP2,G3,BS81,21.595,23.83,24.4433333333333,NaN,24.85,0.653684623601051,0,0.493116352246678,3,G,3,81,300081,2014-03-25,None,Batten Spr,16,0.989761092150171
GEP2,G5,CRWT151,29.59,30.795,NaN,NaN,NaN,0,0,0,5,G,3,151,300151,2014-04-01,None,CRWT153,16,0.989761092150171
GEP2,G7,SCN310,23.23,25.35,25.57,NaN,26.54,0.858565436437754,0,0.438302860658018,7,G,3,310,300310,2014-04-09,None,Saracen,16,0.989761092150171
GEP2,G9,CRWT27,26.62,27.425,NaN,33.665,NaN,0,0.0132303955056644,0,9,G,3,27,300027,2014-04-23,None,CRWT153,16,0.989761092150171
GEP2,H1,SCN226,21.2166666666667,23.4333333333333,26.38,32.4533333333333,NaN,0.129707457394968,0.00192623575096359,0,1,H,3,226,300226,2014-03-11,None,Saracen,16,0.989761092150171
GEP2,H10,OT210,21.8433333333333,23.66,24.845,NaN,26.87,0.439824537961218,0,0.108067153913483,10,H,3,210,300210,2014-05-16,Full,Otane,16,0.989761092150171
GEP2,H11,SCN50,24.635,26.55,28.33,NaN,33.245,0.291183396617114,0,0.00965170810255411,11,H,3,50,300050,2014-05-16,Full,Saracen,16,0.989761092150171
GEP2,H12,CRWT195,22.155,24.455,31.55,NaN,NaN,0.00731462693308198,0,0,12,H,3,195,300195,2014-05-16,None,CRWT153,16,0.989761092150171
GEP2,H3,AMK147,27.395,28.69,NaN,NaN,NaN,0,0,0,3,H,3,147,300147,2014-03-25,None,Amarok,16,0.989761092150171
GEP2,H6,CRWT42,31.405,NaN,NaN,NaN,NaN,0,0,0,6,H,3,42,300042,2014-04-09,None,CRWT153,16,0.989761092150171
GEP2,H7,CRWT271,32.6,NaN,NaN,NaN,NaN,0,0,0,7,H,3,271,300271,2014-04-09,None,CRWT153,16,0.989761092150171
GEP2,H8,BW61,24.625,26.43,NaN,33.605,NaN,0,0.00692005874298717,0,8,H,3,61,300061,2014-04-23,None,Batten Win,16,0.989761092150171
GEP2,H9,BW92,26.335,27.225,NaN,NaN,NaN,0,0,0,9,H,3,92,300092,2014-04-23,None,Batten Win,16,0.989761092150171
GEP5,A1,CRWT196,24.315,26.335,33.635,32.93,NaN,0.00634572184653307,0.010344444612464,0,1,A,3,196,300196,2014-05-16,None,CRWT153,16,0.977047799536745
GEP5,A10,CRWT316,22.7966666666667,24.56,27.83,29.24,NaN,0.103664943226805,0.0390103296531753,0,10,A,3,316,300316,2014-06-10,Full,CRWT153,16,0.977047799536745
GEP5,A11,BW11,23.48,24.245,24.53,NaN,26.86,0.820741608810496,0,0.163232473386114,11,A,3,11,300011,2014-06-17,Full,Batten Win,16,0.977047799536745
GEP5,A2,CRWT28,21.06,22.545,28.035,29.74,NaN,0.0222507843062043,0.00682478824934917,0,2,A,3,28,300028,2014-05-23,Full,CRWT153,16,0.977047799536745
GEP5,A3,CRWT163,22.4566666666667,23.84,28.475,29.505,NaN,0.040246300922182,0.0197090220129882,0,3,A,3,163,300163,2014-05-23,Full,CRWT153,16,0.977047799536745
GEP5,A4,BS77,19.915,21.5733333333333,22.8266666666667,31.585,26.445,0.419477887384126,0.000968697160575858,0.0341571954231579,4,A,3,77,300077,2014-05-23,Full,Batten Spr,16,0.977047799536745
GEP5,A5,CRWT87,19.78,21.4333333333333,24.86,27.525,29.34,0.0929973446191522,0.0146630936979866,0.0041673134490053,5,A,3,87,300087,2014-05-28,Full,CRWT153,16,0.977047799536745
GEP5,A8,BS16,20.895,22.41,24.135,NaN,26.405,0.302498522304824,0,0.0627169842818439,8,A,3,16,300016,2014-06-03,Full,Batten Spr,16,0.977047799536745
GEP5,A9,AMK110,23.815,25.11,25.575,NaN,27.945,0.72447107727744,0,0.140145759753564,9,A,3,110,300110,2014-06-10,Full,Amarok,16,0.977047799536745
GEP5,B10,CRWT94,22.5033333333333,24.27,33.715,28.19,NaN,0.00143473499343584,0.0660636275350864,0,10,B,3,94,300094,2014-06-10,Full,CRWT153,16,0.977047799536745
GEP5,B11,BW234,23.7866666666667,24.3566666666667,24.3966666666667,NaN,25.69,0.972654947412284,0,0.39685026299205,11,B,3,234,300234,2014-06-17,Full,Batten Win,16,0.977047799536745
GEP5,B12,CRWT299,26.6066666666667,26.33,29.92,30.955,NaN,0.0830428633810318,0.0405262360828441,0,12,B,3,299,300299,2014-06-17,Full,CRWT153,16,0.977047799536745
GEP5,B2,BW315,22.455,23.9533333333333,25.4266666666667,NaN,29.46,0.360149215457938,0,0.0219952122505311,2,B,3,315,300315,2014-05-23,Full,Batten Win,16,0.977047799536745
GEP5,B3,OT97,24.6333333333333,25.2033333333333,25.7933333333333,NaN,27.82,0.664342907048256,0,0.163044008720695,3,B,3,97,300097,2014-05-23,Full,Otane,16,0.977047799536745
GEP5,B4,SCN59,20.27,21.85,22.4466666666667,32.8,26.2933333333333,0.661280073061269,0.000505500451094424,0.045964589505811,4,B,3,59,300059,2014-05-23,Full,Saracen,16,0.977047799536745
GEP5,B5,OT141,20.69,21.685,21.94,NaN,22.73,0.837987134667949,0,0.484644908467533,5,B,3,141,300141,2014-05-28,Full,Otane,16,0.977047799536745
GEP5,B6,BW162,22.3833333333333,23.655,24.485,NaN,26.925,0.562529242344405,0,0.103664943226805,6,B,3,162,300162,2014-05-28,Full,Batten Win,16,0.977047799536745
GEP5,B7,AMK121,22.25,23.285,24.74,NaN,25.4766666666667,0.364755086060044,0,0.218898402851471,7,B,3,121,300121,2014-06-03,Full,Amarok,16,0.977047799536745
GEP5,B8,BS182,22.57,23.7933333333333,25.5233333333333,NaN,28.68,0.30145195692269,0,0.0338038958150033,8,B,3,182,300182,2014-06-03,Full,Batten Spr,16,0.977047799536745
GEP5,B9,BW56,22.68,23.92,24.43,NaN,27.89,0.702222437869,0,0.0638132578566996,9,B,3,56,300056,2014-06-10,Full,Batten Win,16,0.977047799536745
GEP5,C1,BW206,24.14,25.7333333333333,33.755,29.68,NaN,0.0038480235220762,0.0648537286974843,0,1,C,3,206,300206,2014-05-16,None,Batten Win,16,0.977047799536745
GEP5,C10,BS106,21.96,23.445,22.79,NaN,25.255,1.57461595313841,0,0.285190928967106,10,C,3,106,300106,2014-06-10,Full,Batten Spr,16,0.977047799536745
GEP5,C11,SCN134,23.8833333333333,24.2833333333333,23.2,NaN,26.5733333333333,2.11892618871859,0,0.204475514639445,11,C,3,134,300134,2014-06-17,Full,Saracen,16,0.977047799536745
GEP5,C12,CRWT10,21.44,23.41,26.71,29.295,NaN,0.101531549544529,0.0169214850863426,0,12,C,3,10,300010,2014-06-17,Full,CRWT153,16,0.977047799536745
GEP5,C2,BW15,23.325,24.145,26.6366666666667,31.83,31.415,0.17780075227466,0.00485942052069715,0.00647905895167533,2,C,3,15,300015,2014-05-23,Full,Batten Win,16,0.977047799536745
GEP5,C3,OT165,22.285,24.73,23.975,NaN,26.67,1.68763159226003,0,0.260616440210279,3,C,3,165,300165,2014-05-23,Full,Otane,16,0.977047799536745
GEP5,C4,OT187,22.425,23.56,22.7333333333333,NaN,24.315,1.77358277832638,0,0.592546385470791,4,C,3,187,300187,2014-05-28,Full,Otane,16,0.977047799536745
GEP5,C5,BW248,23.34,23.82,23.495,NaN,26.6266666666667,1.25266443862413,0,0.142925310870863,5,C,3,248,300248,2014-05-28,Full,Batten Win,16,0.977047799536745
GEP5,C6,BS302,21.905,23.5333333333333,24.7366666666667,32.33,29.115,0.434270743135867,0.00224874117226559,0.020880981448676,6,C,3,302,300302,2014-05-28,Full,Batten Spr,16,0.977047799536745
GEP5,C7,BW327,22.715,23.49,24.605,NaN,29.85,0.461691155364698,0,0.0121744465571953,7,C,3,327,300327,2014-06-03,Full,Batten Win,16,0.977047799536745
GEP5,C8,BS106,23.11,25.26,25.14,NaN,30.36,1.08673486252606,0,0.0291572809855252,8,C,3,106,300106,2014-06-03,Full,Batten Spr,16,0.977047799536745
GEP5,C9,BW257,23.2,23.9166666666667,22.9966666666667,NaN,25.985,1.89211529345119,0,0.23843479113773,9,C,3,257,300257,2014-06-10,Full,Batten Win,16,0.977047799536745
GEP5,D10,BS182,22.53,22.7,23.7033333333333,NaN,26.2933333333333,0.498846088263511,0,0.082851215111658,10,D,3,182,300182,2014-06-10,Full,Batten Spr,16,0.977047799536745
GEP5,D11,SCN200,20.535,22.21,22.68,NaN,24.355,0.721964597761249,0,0.226094844390272,11,D,3,200,300200,2014-06-17,Full,Saracen,16,0.977047799536745
GEP5,D12,CRWT10,20.575,21.995,28.3233333333333,27.46,NaN,0.012444625853159,0.0226397211649199,0,12,D,3,10,300010,2014-06-24,Full,CRWT153,16,0.977047799536745
GEP5,D2,BW160,26.005,26.83,28.98,32.6,NaN,0.225312615652707,0.0183255460817482,0,2,D,3,160,300160,2014-05-23,Full,Batten Win,16,0.977047799536745
GEP5,D3,OT282,21.5266666666667,22.5133333333333,23.565,NaN,25.72,0.482410539918511,0,0.108317130730308,3,D,3,282,300282,2014-05-23,Full,Otane,16,0.977047799536745
GEP5,D4,AMK79,22.63,23.8,27.04,30.3266666666667,31.52,0.105843164045316,0.0108461988318733,0.00474294876716814,4,D,3,79,300079,2014-05-28,Full,Amarok,16,0.977047799536745
GEP5,D5,SCN247,22.83,23.785,25.39,NaN,29.605,0.328735690051268,0,0.0177013107077468,5,D,3,247,300247,2014-05-28,Full,Saracen,16,0.977047799536745
GEP5,D6,CRWT1,23.645,25,27.86,30.05,31.865,0.137738139484576,0.0301855102789014,0.00857885010771131,6,D,3,1,300001,2014-05-28,Full,CRWT153,16,0.977047799536745
GEP5,D7,BW208,23.8333333333333,25.36,26.925,NaN,30.045,0.337977708257032,0,0.0388753641655771,7,D,3,208,300208,2014-06-03,Full,Batten Win,16,0.977047799536745
GEP5,D8,OT26,23.14,23.9233333333333,24.34,NaN,26.0633333333333,0.74915353843834,0,0.22687978882929,8,D,3,26,300026,2014-06-03,Full,Otane,16,0.977047799536745
GEP5,D9,BW277,22.935,23.66,23.905,NaN,26.76,0.843815796130017,0,0.116629123942101,9,D,3,277,300277,2014-06-10,Full,Batten Win,16,0.977047799536745
GEP5,E10,AMK266,22.205,23.415,23.4133333333333,NaN,25.4833333333333,1.00115591285382,0,0.238434791137729,10,E,3,266,300266,2014-06-17,Full,Amarok,16,0.977047799536745
GEP5,E11,SCN74,24.35,24.95,24.83,NaN,27.705,1.08673486252606,0,0.148136596367698,11,E,3,74,300074,2014-06-17,Full,Saracen,16,0.977047799536745
GEP5,E12,CRWT295,21.355,22.7966666666667,29.075,28.3233333333333,NaN,0.0128834846361051,0.0216923976637467,0,12,E,3,295,300295,2014-06-24,Full,CRWT153,16,0.977047799536745
GEP5,E2,AMK183,26.49,27.755,29.22,NaN,33.495,0.36223553863872,0,0.0187106047596707,2,E,3,183,300183,2014-05-23,Full,Amarok,16,0.977047799536745
GEP5,E3,SCN85,24.69,25.835,26.675,NaN,30.6366666666667,0.558643569036111,0,0.0358553779014624,3,E,3,85,300085,2014-05-23,Full,Saracen,16,0.977047799536745
GEP5,E4,CRWT198,20.3966666666667,22.23,30.865,28.315,NaN,0.00251539380763638,0.0147310083737225,0,4,E,3,198,300198,2014-05-28,Full,CRWT153,16,0.977047799536745
GEP5,E5,OT294,22.4633333333333,23.49,24.1633333333333,NaN,24.98,0.62705620477513,0,0.356012548899268,5,E,3,294,300294,2014-05-28,Full,Otane,16,0.977047799536745
GEP5,E6,SCN171,23.53,23.845,24.645,NaN,27.72,0.574349177498517,0,0.0681567332915786,6,E,3,171,300171,2014-06-03,Full,Saracen,16,0.977047799536745
GEP5,E7,BW4,23.8766666666667,24.87,26.175,NaN,28.705,0.404721108273704,0,0.0700728798767818,7,E,3,4,300004,2014-06-03,Full,Batten Win,16,0.977047799536745
GEP5,E8,OT231,25.21,26.165,26.805,NaN,26.875,0.641712948781452,0,0.611320138846034,8,E,3,231,300231,2014-06-03,Full,Otane,16,0.977047799536745
GEP5,E9,SCN209,23.08,23.84,23.83,NaN,26.31,1.00695555005672,0,0.180491149440312,9,E,3,209,300209,2014-06-10,Full,Saracen,16,0.977047799536745
GEP5,F1,AMK197,25.38,25.465,28.84,NaN,28.055,0.0963881765879963,0,0.166085726762064,1,F,3,197,300197,2014-05-16,None,Amarok,16,0.977047799536745
GEP5,F10,AMK44,24.39,25.3366666666667,25.2966666666667,NaN,26.975,1.02811382665607,0,0.321227356513706,10,F,3,44,300044,2014-06-17,Full,Amarok,16,0.977047799536745
GEP5,F11,BS313,22.58,23.77,23.64,NaN,25.885,1.09429370126074,0,0.230845577682349,11,F,3,313,300313,2014-06-17,Full,Batten Spr,16,0.977047799536745
GEP5,F12,CRWT299,24.78,25.6833333333333,NaN,31.49,NaN,0,0.0178656638588579,0,12,F,3,299,300299,2014-06-24,Full,CRWT153,16,0.977047799536745
GEP5,F2,AMK146,27.255,27.77,29.92,NaN,33.72,0.225312615652708,0,0.0161760144350216,2,F,3,146,300146,2014-05-23,Full,Amarok,16,0.977047799536745
GEP5,F3,SCN296,23.0866666666667,25.56,27.19,31.925,31.635,0.323088207659373,0.0121323261718912,0.0148334706398518,3,F,3,296,300296,2014-05-23,Full,Saracen,16,0.977047799536745
GEP5,F4,BS249,22.955,23.465,25.56,NaN,29.55,0.234068061858623,0,0.0147310083737225,4,F,3,249,300249,2014-05-28,Full,Batten Spr,16,0.977047799536745
GEP5,F6,SCN303,24.95,25.625,27.27,NaN,30.165,0.319746395319357,0,0.042985681816867,6,F,3,303,300303,2014-06-03,Full,Saracen,16,0.977047799536745
GEP5,F7,CRWT137,22.5733333333333,24.355,29.135,30.56,34.075,0.0363979245771393,0.0135552919867511,0.00118573719179204,7,F,3,137,300137,2014-06-03,Full,CRWT153,16,0.977047799536745
GEP5,F8,OT305,23.985,23.9666666666667,24.6033333333333,NaN,24.945,0.643197334688202,0,0.507565764292987,8,F,3,305,300305,2014-06-03,Full,Otane,16,0.977047799536745
GEP5,F9,SCN185,23.85,25.53,25.13,NaN,29.15,1.3195079107729,0,0.081333865965121,9,F,3,185,300185,2014-06-10,Full,Saracen,16,0.977047799536745
GEP5,G1,AMK330,25.2733333333333,25.92,28.275,NaN,26.935,0.195467410782149,0,0.494828328207603,1,G,3,330,300330,2014-05-16,None,Amarok,16,0.977047799536745
GEP5,G10,AMK281,24.205,25.335,24.4233333333333,NaN,26.45,1.88121751127258,0,0.461691155364697,10,G,3,281,300281,2014-06-17,Full,Amarok,16,0.977047799536745
GEP5,G11,BS106,23.4133333333333,24.82,23.9466666666667,NaN,26.3566666666667,1.8318905805405,0,0.344680917246445,11,G,3,106,300106,2014-06-17,Full,Batten Spr,16,0.977047799536745
GEP5,G12,CRWT41,22.3666666666667,24.585,31.255,29.37,NaN,0.0098204169884518,0.0362719973244913,0,12,G,3,41,300041,2014-06-24,Full,CRWT153,16,0.977047799536745
GEP5,G2,CRWT205,20.155,23.0933333333333,25.345,28.845,30.4766666666667,0.209981383633024,0.0185599075362306,0.00598956384636563,2,G,3,205,300205,2014-05-23,Full,CRWT153,16,0.977047799536745
GEP5,G3,BS169,22.5933333333333,24.355,24.81,NaN,28.47,0.729510172120089,0,0.0577113944205872,3,G,3,169,300169,2014-05-23,Full,Batten Spr,16,0.977047799536745
GEP5,G4,BW217,21.6166666666667,22.6866666666667,22.9366666666667,31.7,27.47,0.840896415253715,0.00193515744778365,0.0363139245924325,4,G,3,217,300217,2014-05-28,Full,Batten Win,16,0.977047799536745
GEP5,G5,BS319,22.1,23.04,23.85,31.515,27.6933333333333,0.570381857934211,0.00281041714845863,0.0397380989495564,5,G,3,319,300319,2014-05-28,Full,Batten Spr,16,0.977047799536745
GEP5,G6,SCN229,23.0866666666667,23.87,23.76,NaN,27.855,1.07922823650443,0,0.0631532154054228,6,G,3,229,300229,2014-06-03,Full,Saracen,16,0.977047799536745
GEP5,G7,CRWT283,21.75,23.2766666666667,26.275,28.63,32.0833333333333,0.125144489106728,0.0244616692593469,0.00223320798235724,7,G,3,283,300283,2014-06-03,Full,CRWT153,16,0.977047799536745
GEP5,G8,AMK237,24.99,26.25,24.645,NaN,26.555,3.04195750648202,0,0.809442216547409,8,G,3,237,300237,2014-06-10,Full,Amarok,16,0.977047799536745
GEP5,G9,SCN322,23.26,24.8333333333333,23.1,NaN,25.8833333333333,3.32495158457115,0,0.482968164462423,9,G,3,322,300322,2014-06-10,Full,Saracen,16,0.977047799536745
GEP5,H1,AMK293,26.01,26.2633333333333,30.965,NaN,28.825,0.0384288425239975,0,0.169379752697638,1,H,3,293,300293,2014-05-16,None,Amarok,16,0.977047799536745
GEP5,H10,BW70,25.27,27.125,26.76,NaN,28.37,1.28788162950982,0,0.42190789806501,10,H,3,70,300070,2014-06-17,Full,Batten Win,16,0.977047799536745
GEP5,H11,BS182,24.975,26.495,26.765,NaN,29.725,0.829319545814442,0,0.106579361470995,11,H,3,182,300182,2014-06-17,Full,Batten Spr,16,0.977047799536745
GEP5,H12,CRWT173,23.765,24.78,28.31,30.28,NaN,0.0865693417569329,0.0220970869120796,0,12,H,3,173,300173,2014-06-24,Full,CRWT153,16,0.977047799536745
GEP5,H2,AMK3,21.805,23.6266666666667,25.31,30.77,29.4733333333333,0.311362405589706,0.00707363094772143,0.017377126341123,2,H,3,3,300003,2014-05-23,Full,Amarok,16,0.977047799536745
GEP5,H3,BS152,19.59,21.4233333333333,22.8366666666667,31.68,27.76,0.375443225908692,0.000817401965760205,0.0123729500824956,3,H,3,152,300152,2014-05-23,Full,Batten Spr,16,0.977047799536745
GEP5,H4,SCN99,23.695,24.705,25.38,NaN,29.445,0.626332219312062,0,0.0374212095193415,4,H,3,99,300099,2014-05-28,Full,Saracen,16,0.977047799536745
GEP5,H6,AMK250,23.09,24.445,27.81,31.77,31.765,0.0970586093751298,0.00623670614341133,0.00625835841866892,6,H,3,250,300250,2014-06-03,Full,Amarok,16,0.977047799536745
GEP5,H8,AMK109,24.695,25.63,25.5,NaN,26.765,1.09429370126074,0,0.455334916795989,8,H,3,109,300109,2014-06-10,Full,Amarok,16,0.977047799536745
GEP5,H9,CRWT201,21.275,23.31,28.815,27.9,NaN,0.0220206367990941,0.041521431690516,0,9,H,3,201,300201,2014-06-10,Full,CRWT153,16,0.977047799536745
GEP6,A1,CRWT295,23.83,24.56,32.61,31.27,NaN,0.00377318878486269,0.00955187716946928,0,1,A,3,295,300295,2014-07-01,Full,CRWT153,16,1.02172636523782
GEP6,A11,BS56,22.96,22.48,25.7133333333333,NaN,NaN,0.106333395118857,0,0,11,A,4,56,400056,2014-09-01,None,Batten Spr,8,1.02172636523782
GEP6,A12,OT41,23.09,22.695,24.125,NaN,29.445,0.371130892657262,0,0.00929068058595876,12,A,4,41,400041,2014-09-01,None,Otane,8,1.02172636523782
GEP6,A2,OT11,21.89,22.95,25.685,NaN,NaN,0.150204506190857,0,0,2,A,4,11,400011,2014-08-04,None,Otane,8,1.02172636523782
GEP6,A3,SCN106,21.6566666666667,22.56,31.36,NaN,NaN,0.00224355147460359,0,0,3,A,4,106,400106,2014-08-04,None,Saracen,8,1.02172636523782
GEP6,A4,CRWT325,21.3166666666667,22.73,33.365,NaN,NaN,0.000628848451909094,0,0,4,A,4,325,400325,2014-08-04,None,CRWT153,8,1.02172636523782
GEP6,A5,AMK160,22.645,23.35,NaN,NaN,NaN,0,0,0,5,A,4,160,400160,2014-08-11,None,Amarok,8,1.02172636523782
GEP6,A6,OT36,NaN,23.415,26.27,NaN,NaN,0.138216331665033,0,0,6,A,4,36,400036,2014-08-11,None,Otane,8,1.02172636523782
GEP6,A7,SCN150,NaN,22.5433333333333,27.55,NaN,NaN,0.031105927471976,0,0,7,A,4,150,400150,2014-08-18,None,Saracen,8,1.02172636523782
GEP6,A8,AMK215,21.72,22.23,NaN,29.425,NaN,0,0.00682478824934919,0,8,A,4,215,400215,2014-08-18,None,Amarok,8,1.02172636523782
GEP6,A9,AMK204,23.505,22.9133333333333,33.62,31.04,NaN,0.000598373262953675,0.00357791129011816,0,9,A,4,204,400204,2014-08-23,None,Amarok,8,1.02172636523782
GEP6,B1,CRWT41,26.1066666666667,26.4266666666667,33.495,33.415,NaN,0.00745108722305401,0.00787593361656452,0,1,B,3,41,300041,2014-07-01,Full,CRWT153,16,1.02172636523782
GEP6,B10,BW232,24.75,24.3033333333333,33.29,NaN,NaN,0.00197125937736694,0,0,10,B,4,232,400232,2014-08-23,None,Batten Win,8,1.02172636523782
GEP6,B11,SCN127,23.085,22.68,27.3666666666667,NaN,NaN,0.0388304795151854,0,0,11,B,4,127,400127,2014-09-01,None,Saracen,8,1.02172636523782
GEP6,B12,OT33,22.13,21.695,23.01,NaN,28.7866666666667,0.401925495371575,0,0.00733154684899331,12,B,4,33,400033,2014-09-01,None,Otane,8,1.02172636523782
GEP6,B3,SCN119,22.195,21.9233333333333,32.355,33.005,NaN,0.000724028111320807,0.000461408861880917,0,3,B,4,119,400119,2014-08-04,None,Saracen,8,1.02172636523782
GEP6,B4,SCN119,22.4033333333333,22.8233333333333,27.815,NaN,NaN,0.0314310294083705,0,0,4,B,4,119,400119,2014-08-11,None,Saracen,8,1.02172636523782
GEP6,B5,AMK193,22.3266666666667,22.6833333333333,32.36,29.73,NaN,0.00122189271434937,0.00756383356236627,0,5,B,4,193,400193,2014-08-11,None,Amarok,8,1.02172636523782
GEP6,B6,OT11,24.4733333333333,24.7933333333333,26.61,32.61,NaN,0.283876107267719,0.00443556417605812,0,6,B,4,11,400011,2014-08-11,None,Otane,8,1.02172636523782
GEP6,B7,SCN121,23.2933333333333,23.4066666666667,31.58,NaN,34.055,0.00346402886391872,0,0.000623063431802418,7,B,4,121,400121,2014-08-18,None,Saracen,8,1.02172636523782
GEP6,B8,OT13,21.915,22.03,23.36,34.285,27.7133333333333,0.39776824187746,0.000204586702799793,0.0194601503493566,8,B,4,13,400013,2014-08-18,None,Otane,8,1.02172636523782
GEP6,B9,AMK183,23.59,22.955,33.84,30.81,NaN,0.000528796408948204,0.0043192603645323,0,9,B,4,183,400183,2014-08-23,None,Amarok,8,1.02172636523782
GEP6,C1,CRWT10,25.2833333333333,26.335,NaN,32.465,NaN,0,0.0142786164098344,0,1,C,3,10,300010,2014-07-01,Full,CRWT153,16,1.02172636523782
GEP6,C10,SCN109,22.9066666666667,23.78,27.4566666666667,NaN,NaN,0.0782011337183594,0,0,10,C,4,109,400109,2014-08-23,None,Saracen,8,1.02172636523782
GEP6,C11,SCN141,24.0966666666667,23.735,27.84,NaN,NaN,0.0581128089133226,0,0,11,C,4,141,400141,2014-09-01,None,Saracen,8,1.02172636523782
GEP6,C12,BW238,21.585,21.8433333333333,32.73,NaN,NaN,0.000528185872109425,0,0,12,C,4,238,400238,2014-09-01,None,Batten Win,8,1.02172636523782
GEP6,C2,BS59,22.695,22.3,25.77,NaN,NaN,0.0902455747201559,0,0,2,C,4,59,400059,2014-08-04,None,Batten Spr,8,1.02172636523782
GEP6,C3,SCN105,23.3566666666667,22.905,29.885,NaN,NaN,0.00792155843585962,0,0,3,C,4,105,400105,2014-08-04,None,Saracen,8,1.02172636523782
GEP6,C4,SCN106,21.95,22.67,28.76,33.67,NaN,0.0146800429564689,0.000488281249999999,0,4,C,4,106,400106,2014-08-11,None,Saracen,8,1.02172636523782
GEP6,C5,CRWT353,23.295,23.47,NaN,NaN,NaN,0,0,0,5,C,4,353,400353,2014-08-11,None,CRWT153,8,1.02172636523782
GEP6,C6,OT38,26.1233333333333,26.395,27.82,NaN,NaN,0.372419365780675,0,0,6,C,4,38,400038,2014-08-11,None,Otane,8,1.02172636523782
GEP6,C7,SCN110,24.5633333333333,24.95,29.035,NaN,NaN,0.0589240334948901,0,0,7,C,4,110,400110,2014-08-18,None,Saracen,8,1.02172636523782
GEP6,C8,OT24,22.4533333333333,22.48,23.965,NaN,29.905,0.357248534935273,0,0.00581905259032305,8,C,4,24,400024,2014-08-18,None,Otane,8,1.02172636523782
GEP6,C9,CRWT346,22.3,22.405,33.615,NaN,NaN,0.000422137319974543,0,0,9,C,4,346,400346,2014-08-23,None,CRWT153,8,1.02172636523782
GEP6,D1,CRWT295,27.88,28.715,NaN,NaN,NaN,0,0,0,1,D,3,295,300295,2014-07-25,Full,CRWT153,16,1.02172636523782
GEP6,D10,SCN139,24.8966666666667,24.195,28.77,NaN,NaN,0.0419553907118833,0,0,10,D,4,139,400139,2014-08-23,None,Saracen,8,1.02172636523782
GEP6,D11,AMK174,26.44,24.695,33.575,33.39,NaN,0.0021225290283712,0.00241292702563853,0,11,D,4,174,400174,2014-09-01,None,Amarok,8,1.02172636523782
GEP6,D12,CRWT291,22.47,22.52,NaN,NaN,34.575,0,0,0.000235008408960388,12,D,4,291,400291,2014-09-01,None,CRWT153,8,1.02172636523782
GEP6,D2,BS65,22.6233333333333,23.035,26.3366666666667,NaN,NaN,0.101414323424521,0,0,2,D,4,65,400065,2014-08-04,None,Batten Spr,8,1.02172636523782
GEP6,D3,AMK160,21.7533333333333,22.325,32.965,30.4366666666667,NaN,0.000626672801544385,0.00361530563850121,0,3,D,4,160,400160,2014-08-04,None,Amarok,8,1.02172636523782
GEP6,D4,SCN105,23.7433333333333,23.5633333333333,30.205,NaN,NaN,0.0100151881400057,0,0,4,D,4,105,400105,2014-08-11,None,Saracen,8,1.02172636523782
GEP6,D5,CRWT339,23.535,23.8266666666667,NaN,NaN,NaN,0,0,0,5,D,4,339,400339,2014-08-11,None,CRWT153,8,1.02172636523782
GEP6,D6,CRWT294,25.175,24.9033333333333,NaN,NaN,NaN,0,0,0,6,D,4,294,400294,2014-08-18,None,CRWT153,8,1.02172636523782
GEP6,D7,BW233,23.7433333333333,24.7266666666667,NaN,NaN,NaN,0,0,0,7,D,4,233,400233,2014-08-18,None,Batten Win,8,1.02172636523782
GEP6,D8,OT16,22.6033333333333,22.6433333333333,23.69,33.79,27.7366666666667,0.484085347991443,0.00044108164101132,0.0292923280174994,8,D,4,16,400016,2014-08-18,None,Otane,8,1.02172636523782
GEP6,D9,CRWT298,25.555,24.42,30.94,NaN,34.22,0.0108964348933625,0,0.00112177573730179,9,D,4,298,400298,2014-08-23,None,CRWT153,8,1.02172636523782
GEP6,E1,CRWT41,23.68,23.7733333333333,32.27,32.83,NaN,0.00276852513129348,0.00187789658688018,0,1,E,3,41,300041,2014-07-25,Full,CRWT153,16,1.02172636523782
GEP6,E10,SCN123,23.27,22.86,30.8,NaN,NaN,0.00407213187828563,0,0,10,E,4,123,400123,2014-08-23,None,Saracen,8,1.02172636523782
GEP6,E11,SCN148,23.145,22.9833333333333,28,NaN,NaN,0.030891063136028,0,0,11,E,4,148,400148,2014-09-01,None,Saracen,8,1.02172636523782
GEP6,E12,BW241,21.665,22.38,33.205,NaN,NaN,0.000551252150784244,0,0,12,E,4,241,400241,2014-09-01,None,Batten Win,8,1.02172636523782
GEP6,E2,BS49,22.7,23.4066666666667,26.9,NaN,NaN,0.0887977336955608,0,0,2,E,4,49,400049,2014-08-04,None,Batten Spr,8,1.02172636523782
GEP6,E3,AMK193,20.09,21.8933333333333,33.56,29.61,NaN,0.00030759791257199,0.00475391997527575,0,3,E,4,193,400193,2014-08-04,None,Amarok,8,1.02172636523782
GEP6,E4,BS49,22.29,22.77,25.3833333333333,NaN,NaN,0.163421155900263,0,0,4,E,4,49,400049,2014-08-11,None,Batten Spr,8,1.02172636523782
GEP6,E5,CRWT325,23.34,24.215,NaN,NaN,NaN,0,0,0,5,E,4,325,400325,2014-08-11,None,CRWT153,8,1.02172636523782
GEP6,E6,CRWT333,22.345,23.305,NaN,NaN,NaN,0,0,0,6,E,4,333,400333,2014-08-18,None,CRWT153,8,1.02172636523782
GEP6,E7,BW231,22.155,22.71,32.95,NaN,NaN,0.000826899719104029,0,0,7,E,4,231,400231,2014-08-18,None,Batten Win,8,1.02172636523782
GEP6,E8,OT23,23.6333333333333,23.6633333333333,25.165,NaN,31.67,0.353145185534049,0,0.00388824093399699,8,E,4,23,400023,2014-08-23,None,Otane,8,1.02172636523782
GEP6,E9,CRWT355,23.86,23.525,33.32,NaN,NaN,0.00112567026054576,0,0,9,E,4,355,400355,2014-08-23,None,CRWT153,8,1.02172636523782
GEP6,F11,AMK163,23.245,22.4733333333333,NaN,30.795,NaN,0,0.00312556632704155,0,11,F,4,163,400163,2014-09-01,None,Amarok,8,1.02172636523782
GEP6,F12,CRWT356,21.715,22.0833333333333,32.82,NaN,NaN,0.00058605891927015,0,0,12,F,4,356,400356,2014-09-01,None,CRWT153,8,1.02172636523782
GEP6,F2,BW234,21.69,22.8833333333333,34.23,33.345,NaN,0.000383983871041982,0.000709127828251129,0,2,F,4,234,400234,2014-08-04,None,Batten Win,8,1.02172636523782
GEP6,F3,AMK181,22.105,22.6333333333333,NaN,30.05,NaN,0,0.00585276201904955,0,3,F,4,181,400181,2014-08-04,None,Amarok,8,1.02172636523782
GEP6,F4,BS65,23.35,22.66,25.37,NaN,NaN,0.152830034711509,0,0,4,F,4,65,400065,2014-08-11,None,Batten Spr,8,1.02172636523782
GEP6,F5,BW226,24.825,24.9,NaN,NaN,NaN,0,0,0,5,F,4,226,400226,2014-08-11,None,Batten Win,8,1.02172636523782
GEP6,F6,BS94,22.7133333333333,22.63,25.795,NaN,NaN,0.111491064927511,0,0,6,F,4,94,400094,2014-08-18,None,Batten Spr,8,1.02172636523782
GEP6,F7,BW287,24.32,23.6766666666667,33.885,NaN,NaN,0.000845250547857562,0,0,7,F,4,287,400287,2014-08-18,None,Batten Win,8,1.02172636523782
GEP6,F8,OT26,24.0066666666667,22.97,24.2366666666667,NaN,30.84,0.415618948071393,0,0.00427458477054976,8,F,4,26,400026,2014-08-23,None,Otane,8,1.02172636523782
GEP6,F9,BS71,24.98,23.53,26.23,NaN,NaN,0.153893051668115,0,0,9,F,4,71,400071,2014-08-23,None,Batten Spr,8,1.02172636523782
GEP6,G1,CRWT299,25.255,25.6633333333333,32.895,33.885,NaN,0.00665351920356662,0.00334989904472016,0,1,G,3,299,300299,2014-07-25,Full,CRWT153,16,1.02172636523782
GEP6,G10,BS55,22.6666666666667,21.8433333333333,24.78,NaN,NaN,0.130609644107609,0,0,10,G,4,55,400055,2014-09-01,None,Batten Spr,8,1.02172636523782
GEP6,G11,AMK191,22.2233333333333,21.965,33.595,30.99,NaN,0.000315515827792357,0.0019195714815337,0,11,G,4,191,400191,2014-09-01,None,Amarok,8,1.02172636523782
GEP6,G12,BW257,23.13,23.15,33.06,NaN,NaN,0.00103942400630211,0,0,12,G,4,257,400257,2014-09-01,None,Batten Win,8,1.02172636523782
GEP6,G2,BW225,20.75,22.3866666666667,NaN,NaN,NaN,0,0,0,2,G,4,225,400225,2014-08-04,None,Batten Win,8,1.02172636523782
GEP6,G3,CRWT339,21.4333333333333,21.99,NaN,NaN,NaN,0,0,0,3,G,4,339,400339,2014-08-04,None,CRWT153,8,1.02172636523782
GEP6,G4,BS59,24.2133333333333,23.6066666666667,26.435,NaN,NaN,0.140794869281571,0,0,4,G,4,59,400059,2014-08-11,None,Batten Spr,8,1.02172636523782
GEP6,G5,BW234,23.91,24.74,NaN,NaN,NaN,0,0,0,5,G,4,234,400234,2014-08-11,None,Batten Win,8,1.02172636523782
GEP6,G6,BS77,24.125,23.475,25.82,NaN,NaN,0.196826994142301,0,0,6,G,4,77,400077,2014-08-18,None,Batten Spr,8,1.02172636523782
GEP6,G7,AMK206,24.2233333333333,24.595,32.27,32.045,NaN,0.00489322046337551,0.00571908474978759,0,7,G,4,206,400206,2014-08-18,None,Amarok,8,1.02172636523782
GEP6,G8,OT18,23.91,23.3566666666667,24.6,NaN,30.87,0.422395586827512,0,0.00547345181596588,8,G,4,18,400018,2014-08-23,None,Otane,8,1.02172636523782
GEP6,G9,BS89,23.9466666666667,23.6333333333333,26.3033333333333,NaN,NaN,0.157126671815228,0,0,9,G,4,89,400089,2014-08-23,None,Batten Spr,8,1.02172636523782
GEP6,H1,OT38,22.74,23.5866666666667,26.025,33.005,NaN,0.184496668003671,0.00146150113681247,0,1,H,4,38,400038,2014-08-04,None,Otane,8,1.02172636523782
GEP6,H10,BS96,26.495,25.675,28.32,NaN,NaN,0.159873197659679,0,0,10,H,4,96,400096,2014-09-01,None,Batten Spr,8,1.02172636523782
GEP6,H11,OT39,22.4,21.995,24.41,NaN,31.05,0.187504873660727,0,0.00188006727168311,11,H,4,39,400039,2014-09-01,None,Otane,8,1.02172636523782
GEP6,H12,CRWT317,21.995,22.195,34.46,NaN,NaN,0.000203173519216681,0,0,12,H,4,317,400317,2014-09-01,None,CRWT153,8,1.02172636523782
GEP6,H2,BW226,21.3733333333333,22.96,NaN,NaN,NaN,0,0,0,2,H,4,226,400226,2014-08-04,None,Batten Win,8,1.02172636523782
GEP6,H3,CRWT353,23.035,23.29,33.745,NaN,NaN,0.000712412277461024,0,0,3,H,4,353,400353,2014-08-04,None,CRWT153,8,1.02172636523782
GEP6,H4,AMK154,25.035,24.73,NaN,32.04,NaN,0,0.00630188874392287,0,4,H,4,154,400154,2014-08-11,None,Amarok,8,1.02172636523782
GEP6,H5,BW225,24.71,24.905,NaN,NaN,NaN,0,0,0,5,H,4,225,400225,2014-08-11,None,Batten Win,8,1.02172636523782
GEP6,H6,BS72,24.79,23.645,26.49,NaN,NaN,0.139177702278586,0,0,6,H,4,72,400072,2014-08-18,None,Batten Spr,8,1.02172636523782
GEP6,H7,AMK181,24.09,23.36,NaN,31.045,NaN,0,0.00485942052069714,0,7,H,4,181,400181,2014-08-18,None,Amarok,8,1.02172636523782
GEP6,H8,AMK164,24.02,24.84,NaN,32.82,NaN,0,0.0039607792179298,0,8,H,4,164,400164,2014-08-23,None,Amarok,8,1.02172636523782
GEP6,H9,BS50,25.83,25.545,28.375,NaN,NaN,0.140632310586101,0,0,9,H,4,50,400050,2014-08-23,None,Batten Spr,8,1.02172636523782
GEP7,A1,BS74,25.085,24.685,27.115,NaN,NaN,0.185565446328631,0,0,1,A,4,74,400074,2014-09-08,None,Batten Spr,8,0.994640943193998
GEP7,A10,CRWT305,27.255,27.6133333333333,32.935,NaN,NaN,0.0250045306163324,0,0,10,A,4,305,400305,2014-09-29,None,CRWT153,8,0.994640943193998
GEP7,A11,BS57,27.055,27.445,29.97,NaN,NaN,0.173739777480292,0,0,11,A,4,57,400057,2014-09-29,None,Batten Spr,8,0.994640943193998
GEP7,A12,SCN1113,25.25,26.42,27.31,NaN,NaN,0.539614118252215,0,0,12,A,4,1113,401113,2014-09-30,Full,Saracen,8,0.994640943193998
GEP7,A2,CRWT311,27.2,27.005,32.12,NaN,NaN,0.0288556972102936,0,0,2,A,4,311,400311,2014-09-08,None,CRWT153,8,0.994640943193998
GEP7,A4,BS66,26.69,27.105,28.71,NaN,NaN,0.328735690051268,0,0,4,A,4,66,400066,2014-09-15,None,Batten Spr,8,0.994640943193998
GEP7,A5,SCN130,27.36,27.88,29.5133333333333,NaN,NaN,0.322342577109895,0,0,5,A,4,130,400130,2014-09-15,None,Saracen,8,0.994640943193998
GEP7,A9,BW1175,26.43,27.3533333333333,29.79,NaN,NaN,0.184709930073704,0,0,9,A,4,1175,401175,2014-09-23,Full,Batten Win,8,0.994640943193998
GEP7,B1,AMK179,23.73,24.7233333333333,NaN,32.96,NaN,0,0.00331524988792626,0,1,B,4,179,400179,2014-09-08,None,Amarok,8,0.994640943193998
GEP7,B10,CRWT341,29.2833333333333,28.71,33.575,NaN,NaN,0.0343154004308453,0,0,10,B,4,341,400341,2014-09-29,None,CRWT153,8,0.994640943193998
GEP7,B11,BW266,28.33,27.4333333333333,31.8,NaN,NaN,0.0484732738073042,0,0,11,B,4,266,400266,2014-09-29,None,Batten Win,8,0.994640943193998
GEP7,B12,SCN1109,25.305,26.195,28.03,NaN,NaN,0.280291519507127,0,0,12,B,4,1109,401109,2014-09-30,Full,Saracen,8,0.994640943193998
GEP7,B4,BW261,26.7966666666667,27.4566666666667,NaN,NaN,NaN,0,0,0,4,B,4,261,400261,2014-09-15,None,Batten Win,8,0.994640943193998
GEP7,B6,BS91,27.915,28.67,30.555,NaN,NaN,0.270743761381482,0,0,6,B,4,91,400091,2014-09-22,None,Batten Spr,8,0.994640943193998
GEP7,B7,BW270,25.67,26.5933333333333,33.81,NaN,NaN,0.00672305810347132,0,0,7,B,4,270,400270,2014-09-22,None,Batten Win,8,0.994640943193998
GEP7,B9,AMK1150,26.445,27.615,29.145,33.895,NaN,0.346277367027732,0.0128686096448059,0,9,B,4,1150,401150,2014-09-23,Full,Amarok,8,0.994640943193998
GEP7,C1,BS69,23.915,24.395,26.6966666666667,NaN,NaN,0.202828646849043,0,0,1,C,4,69,400069,2014-09-08,None,Batten Spr,8,0.994640943193998
GEP7,C12,AMK1152,25.565,26.8,29.37,33.595,NaN,0.168404197108211,0.00900536208436614,0,12,C,4,1152,401152,2014-09-30,Full,Amarok,8,0.994640943193998
GEP7,C2,OT32,26.88,27.95,28.365,NaN,31.78,0.750019494642908,0,0.0703161552930505,2,C,4,32,400032,2014-09-08,None,Otane,8,0.994640943193998
GEP7,C5,AMK158,27.3533333333333,27.26,NaN,33.355,NaN,0,0.0146292538661639,0,5,C,4,158,400158,2014-09-15,None,Amarok,8,0.994640943193998
GEP7,C6,SCN114,27.9566666666667,28.265,31.185,NaN,NaN,0.132127255070172,0,0,6,C,4,114,400114,2014-09-22,None,Saracen,8,0.994640943193998
GEP7,C7,BW224,27.68,27.99,NaN,NaN,NaN,0,0,0,7,C,4,224,400224,2014-09-22,None,Batten Win,8,0.994640943193998
GEP7,C9,CRWT1259,26.06,27.5166666666667,28.095,NaN,NaN,0.669737041222087,0,0,9,C,4,1259,401259,2014-09-23,Full,CRWT153,8,0.994640943193998
GEP7,D1,BS48,26.185,26.03,28.095,NaN,NaN,0.238986329398436,0,0,1,D,4,48,400048,2014-09-08,None,Batten Spr,8,0.994640943193998
GEP7,D10,SCN102,29.1833333333333,28.915,29.765,NaN,NaN,0.554784736033922,0,0,10,D,4,102,400102,2014-09-29,None,Saracen,8,0.994640943193998
GEP7,D12,AMK1153,25.285,26.51,29.09,NaN,34.315,0.167240944348264,0,0.00447157875233861,12,D,4,1153,401153,2014-09-30,Full,Amarok,8,0.994640943193998
GEP7,D3,OT14,28.155,28.5,29.185,NaN,31.86,0.622005826649233,0,0.0973955724575625,3,D,4,14,400014,2014-09-15,None,Otane,8,0.994640943193998
GEP7,D7,SCN1092,25.86,25.945,26.95,NaN,NaN,0.498270131413933,0,0,7,D,4,1092,401092,2014-09-23,Full,Saracen,8,0.994640943193998
GEP7,D8,BW1180,25.7733333333333,27.09,29.535,NaN,NaN,0.183646079159789,0,0,8,D,4,1180,401180,2014-09-23,Full,Batten Win,8,0.994640943193998
GEP7,D9,OT1025,25.715,26.9833333333333,27.6,NaN,NaN,0.652176034882782,0,0,9,D,4,1025,401025,2014-09-23,Full,Otane,8,0.994640943193998
GEP7,E10,SCN118,27.9066666666667,28.51,29.56,NaN,NaN,0.482968164462421,0,0,10,E,4,118,400118,2014-09-29,None,Saracen,8,0.994640943193998
GEP7,E11,CRWT1256,28.1,27.85,30.165,NaN,NaN,0.200962747685788,0,0,11,E,4,1256,401256,2014-09-30,Full,CRWT153,8,0.994640943193998
GEP7,E12,AMK1141,25.68,26.39,29.11,NaN,NaN,0.151774360549381,0,0,12,E,4,1141,401141,2014-09-30,Full,Amarok,8,0.994640943193998
GEP7,E4,CRWT322,28.1,28.07,NaN,NaN,NaN,0,0,0,4,E,4,322,400322,2014-09-15,None,CRWT153,8,0.994640943193998
GEP7,E5,CRWT304,29.985,29.64,NaN,NaN,NaN,0,0,0,5,E,4,304,400304,2014-09-22,None,CRWT153,8,0.994640943193998
GEP7,E6,CRWT289,26.75,27.65,NaN,NaN,NaN,0,0,0,6,E,4,289,400289,2014-09-22,None,CRWT153,8,0.994640943193998
GEP7,E7,OT1017,26.575,27.39,28.68,NaN,NaN,0.408951029278891,0,0,7,E,4,1017,401017,2014-09-23,Full,Otane,8,0.994640943193998
GEP7,E8,BS1059,26.5466666666667,27.2466666666667,29.235,NaN,NaN,0.252029875730065,0,0,8,E,4,1059,401059,2014-09-23,Full,Batten Spr,8,0.994640943193998
GEP7,E9,SCN1076,26.49,26.85,27.685,NaN,NaN,0.560583039014253,0,0,9,E,4,1076,401076,2014-09-23,Full,Saracen,8,0.994640943193998
GEP7,F10,SCN149,25.71,26.74,28.455,NaN,NaN,0.304602565918799,0,0,10,F,4,149,400149,2014-09-29,None,Saracen,8,0.994640943193998
GEP7,F11,CRWT1257,29.03,29.61,31.3,NaN,NaN,0.309926924984747,0,0,11,F,4,1257,401257,2014-09-30,Full,CRWT153,8,0.994640943193998
GEP7,F12,OT1013,25.855,26.96,28.34,NaN,NaN,0.384218795322003,0,0,12,F,4,1013,401013,2014-09-30,Full,Otane,8,0.994640943193998
GEP7,F5,BS73,27.77,NaN,NaN,NaN,NaN,0,0,0,5,F,4,73,400073,2014-09-22,None,Batten Spr,8,0.994640943193998
GEP7,F6,BS54,27.22,27.75,30.375,NaN,NaN,0.162104944331376,0,0,6,F,4,54,400054,2014-09-22,None,Batten Spr,8,0.994640943193998
GEP7,F7,SCN1081,24.1333333333333,24.975,26.7366666666667,NaN,NaN,0.294907278243774,0,0,7,F,4,1081,401081,2014-09-23,Full,Saracen,8,0.994640943193998
GEP7,F8,BW1170,25.51,26.005,28.485,NaN,NaN,0.179244406001978,0,0,8,F,4,1170,401170,2014-09-23,Full,Batten Win,8,0.994640943193998
GEP7,G10,BS46,28.1766666666667,27.8466666666667,30.565,NaN,NaN,0.151949798483621,0,0,10,G,4,46,400046,2014-09-29,None,Batten Spr,8,0.994640943193998
GEP7,G11,CRWT1269,27.115,27.86,30.175,NaN,NaN,0.200962747685788,0,0,11,G,4,1269,401269,2014-09-30,Full,CRWT153,8,0.994640943193998
GEP7,G12,OT1015,27.2866666666667,27.79,29.785,NaN,NaN,0.250867937127376,0,0,12,G,4,1015,401015,2014-09-30,Full,Otane,8,0.994640943193998
GEP7,G3,BS58,29.255,29.01,30.62,NaN,NaN,0.32759835096459,0,0,3,G,4,58,400058,2014-09-15,None,Batten Spr,8,0.994640943193998
GEP7,G4,SCN138,27.62,28.26,30.715,NaN,NaN,0.182377543030022,0,0,4,G,4,138,400138,2014-09-15,None,Saracen,8,0.994640943193998
GEP7,G5,SCN143,29.73,29.66,30.725,NaN,NaN,0.477972658796871,0,0,5,G,4,143,400143,2014-09-22,None,Saracen,8,0.994640943193998
GEP7,G6,SCN129,22.6666666666667,24.01,25.8833333333333,NaN,NaN,0.27294206614266,0,0,6,G,4,129,400129,2014-09-22,None,Saracen,8,0.994640943193998
GEP7,G7,OT1011,26.46,26.6066666666667,28.2433333333333,NaN,NaN,0.321598667344101,0,0,7,G,4,1011,401011,2014-09-23,Full,Otane,8,0.994640943193998
GEP7,G8,BS1069,25.2133333333333,25.87,27.9666666666667,NaN,NaN,0.23379781196258,0,0,8,G,4,1069,401069,2014-09-23,Full,Batten Spr,8,0.994640943193998
GEP7,H1,AMK180,28.645,29.56,NaN,NaN,NaN,0,0,0,1,H,4,180,400180,2014-09-08,None,Amarok,8,0.994640943193998
GEP7,H10,BS51,26.565,26.96,29.22,NaN,NaN,0.208771979857093,0,0,10,H,4,51,400051,2014-09-29,None,Batten Spr,8,0.994640943193998
GEP7,H11,SCN1082,27.3433333333333,28.4,29.23,NaN,NaN,0.562529242344404,0,0,11,H,4,1082,401082,2014-09-30,Full,Saracen,8,0.994640943193998
GEP7,H12,OT1012,28.365,29.5333333333333,29.86,NaN,NaN,0.797376688393198,0,0,12,H,4,1012,401012,2014-09-30,Full,Otane,8,0.994640943193998
GEP7,H2,SCN137,30,30.69,32.66,NaN,NaN,0.255253031426799,0,0,2,H,4,137,400137,2014-09-08,None,Saracen,8,0.994640943193998
GEP7,H3,BS90,28.99,29.695,32.27,NaN,NaN,0.167821562847533,0,0,3,H,4,90,400090,2014-09-15,None,Batten Spr,8,0.994640943193998
GEP7,H4,SCN151,28.475,29.375,31.785,NaN,NaN,0.188155843426383,0,0,4,H,4,151,400151,2014-09-15,None,Saracen,8,0.994640943193998
GEP7,H6,AMK202,22.635,23.765,32.455,31.96,NaN,0.00242130410144334,0.00341239412467459,0,6,H,4,202,400202,2014-09-22,None,Amarok,8,0.994640943193998
GEP7,H7,CRWT1260,27.005,27.745,28.475,NaN,NaN,0.602903913845379,0,0,7,H,4,1260,401260,2014-09-23,Full,CRWT153,8,0.994640943193998
GEP7,H8,BS1064,28.6,29.15,30.77,NaN,NaN,0.325335463860482,0,0,8,H,4,1064,401064,2014-09-23,Full,Batten Spr,8,0.994640943193998
GEP8,A1,BW1183,27.915,27.79,30.175,NaN,NaN,0.191444749636798,0,0,1,A,4,1183,401183,2014-09-30,Full,Batten Win,8,1.02067751869776
GEP8,A10,SCN98,24.73,25.59,27.475,NaN,NaN,0.270743761381481,0,0,10,A,4,98,400098,2014-10-20,None,Saracen,8,1.02067751869776
GEP8,A11,CRWT335,25.14,25.97,NaN,NaN,NaN,0,0,0,11,A,4,335,400335,2014-10-20,None,CRWT153,8,1.02067751869776
GEP8,A12,BW1211,26.1133333333333,25.39,29.79,NaN,NaN,0.04736614270345,0,0,12,A,4,1211,401211,2014-10-21,Full,Batten Win,8,1.02067751869776
GEP8,A3,SCN133,27.5366666666667,27.6,29.125,NaN,NaN,0.347479554960585,0,0,3,A,4,133,400133,2014-10-06,None,Saracen,8,1.02067751869776
GEP8,A4,BW1176,27.765,27.66,30.08,NaN,NaN,0.186856156079368,0,0,4,A,4,1176,401176,2014-10-07,Full,Batten Win,8,1.02067751869776
GEP8,A5,BS1066,28.445,28.185,30.305,NaN,NaN,0.230046912656219,0,0,5,A,4,1066,401066,2014-10-07,Full,Batten Spr,8,1.02067751869776
GEP8,A6,AMK153,26.895,26.77,NaN,NaN,NaN,0,0,0,6,A,4,153,400153,2014-10-14,None,Amarok,8,1.02067751869776
GEP8,A7,BS63,26.71,27.11,30.495,NaN,NaN,0.0957223748183991,0,0,7,A,4,63,400063,2014-10-14,None,Batten Spr,8,1.02067751869776
GEP8,A8,AMK1145,28.74,NaN,29.115,NaN,NaN,0,0,0,8,A,4,1145,401145,2014-10-15,Full,Amarok,8,1.02067751869776
GEP8,A9,SCN1078,26.84,27.29,28.655,NaN,NaN,0.388234437500519,0,0,9,A,4,1078,401078,2014-10-15,Full,Saracen,8,1.02067751869776
GEP8,B1,BW1184,27.31,27.65,30.29,NaN,NaN,0.160428237195363,0,0,1,B,4,1184,401184,2014-09-30,Full,Batten Win,8,1.02067751869776
GEP8,B10,SCN101,25.3533333333333,26.1966666666667,27.83,NaN,NaN,0.322342577109895,0,0,10,B,4,101,400101,2014-10-20,None,Saracen,8,1.02067751869776
GEP8,B11,BW256,27.4266666666667,27.355,32.66,NaN,NaN,0.0252950692671066,0,0,11,B,4,256,400256,2014-10-20,None,Batten Win,8,1.02067751869776
GEP8,B12,CRWT1238,25.4366666666667,25.665,30.385,NaN,NaN,0.0379435901373452,0,0,12,B,4,1238,401238,2014-10-21,Full,CRWT153,8,1.02067751869776
GEP8,B2,BW262,27.455,27.52,32.785,NaN,NaN,0.0260062104597353,0,0,2,B,4,262,400262,2014-10-06,None,Batten Win,8,1.02067751869776
GEP8,B3,SCN147,27.26,27.47,28.825,NaN,NaN,0.390934821564296,0,0,3,B,4,147,400147,2014-10-06,None,Saracen,8,1.02067751869776
GEP8,B4,OT1019,28.58,27.72,29.525,NaN,NaN,0.286181040149671,0,0,4,B,4,1019,401019,2014-10-07,Full,Otane,8,1.02067751869776
GEP8,B5,BS1056,26.805,27.0866666666667,29.745,NaN,NaN,0.158402462285883,0,0,5,B,4,1056,401056,2014-10-07,Full,Batten Spr,8,1.02067751869776
GEP8,B6,SCN117,26.33,26.5,27.9833333333333,NaN,NaN,0.357661483108814,0,0,6,B,4,117,400117,2014-10-14,None,Saracen,8,1.02067751869776
GEP8,B7,BW240,26.51,26.41,33.655,NaN,NaN,0.00659231090726576,0,0,7,B,4,240,400240,2014-10-14,None,Batten Win,8,1.02067751869776
GEP8,B8,AMK1144,27.1766666666667,27.445,30.8366666666667,NaN,NaN,0.0952810639534852,0,0,8,B,4,1144,401144,2014-10-15,Full,Amarok,8,1.02067751869776
GEP8,B9,BW1182,27.33,26.93,30.3866666666667,NaN,NaN,0.091083486941684,0,0,9,B,4,1182,401182,2014-10-15,Full,Batten Win,8,1.02067751869776
GEP8,C1,BW1190,28.56,28.055,30.605,NaN,NaN,0.170755032094299,0,0,1,C,4,1190,401190,2014-09-30,Full,Batten Win,8,1.02067751869776
GEP8,C10,AMK161,25.7,26.035,32.775,33.015,NaN,0.00935530237983539,0.0079215584358596,0,10,C,4,161,400161,2014-10-20,None,Amarok,8,1.02067751869776
GEP8,C11,BW284,26.1866666666667,26.4,31.25,NaN,NaN,0.0346740460021201,0,0,11,C,4,284,400284,2014-10-20,None,Batten Win,8,1.02067751869776
GEP8,C12,CRWT1252,26.3033333333333,26.055,29.98,NaN,NaN,0.0658350647471772,0,0,12,C,4,1252,401252,2014-10-21,Full,CRWT153,8,1.02067751869776
GEP8,C2,BW274,27.34,27.685,NaN,NaN,NaN,0,0,0,2,C,4,274,400274,2014-10-06,None,Batten Win,8,1.02067751869776
GEP8,C3,BS61,26.85,26.615,29.65,NaN,NaN,0.122003970097028,0,0,3,C,4,61,400061,2014-10-06,None,Batten Spr,8,1.02067751869776
GEP8,C4,SCN1107,26.78,26.71,28.225,NaN,NaN,0.349896466398799,0,0,4,C,4,1107,401107,2014-10-07,Full,Saracen,8,1.02067751869776
GEP8,C5,BS1068,27.865,27.545,29.445,NaN,NaN,0.267943365634074,0,0,5,C,4,1068,401068,2014-10-07,Full,Batten Spr,8,1.02067751869776
GEP8,C6,SCN107,27.17,26.67,28.985,NaN,NaN,0.200962747685788,0,0,6,C,4,107,400107,2014-10-14,None,Saracen,8,1.02067751869776
GEP8,C7,BS93,26.185,26.3,28.84,NaN,NaN,0.171942727267468,0,0,7,C,4,93,400093,2014-10-14,None,Batten Spr,8,1.02067751869776
GEP8,C8,AMK1146,26.695,26.505,30.7,NaN,NaN,0.0545983059947932,0,0,8,C,4,1146,401146,2014-10-15,Full,Amarok,8,1.02067751869776
GEP8,C9,BW1185,27.14,26.635,29.765,NaN,NaN,0.114228931278675,0,0,9,C,4,1185,401185,2014-10-15,Full,Batten Win,8,1.02067751869776
GEP8,D1,AMK1163,28.285,28.435,29.635,NaN,NaN,0.435275281648061,0,0,1,D,4,1163,401163,2014-09-30,Full,Amarok,8,1.02067751869776
GEP8,D11,BS60,26.4066666666667,26.55,29.64,NaN,NaN,0.117440343651751,0,0,11,D,4,60,400060,2014-10-20,None,Batten Spr,8,1.02067751869776
GEP8,D12,CRWT1254,27.5433333333333,26.735,30.81,NaN,NaN,0.0593338825594073,0,0,12,D,4,1254,401254,2014-10-21,Full,CRWT153,8,1.02067751869776
GEP8,D2,BW245,27.9433333333333,27.115,NaN,NaN,NaN,0,0,0,2,D,4,245,400245,2014-10-06,None,Batten Win,8,1.02067751869776
GEP8,D3,BS80,27.905,27.735,29.91,NaN,NaN,0.22144187977559,0,0,3,D,4,80,400080,2014-10-06,None,Batten Spr,8,1.02067751869776
GEP8,D4,SCN1093,27.9,27.705,28.925,NaN,NaN,0.429282718218876,0,0,4,D,4,1093,401093,2014-10-07,Full,Saracen,8,1.02067751869776
GEP8,D5,AMK1148,28.24,27.235,31.28,32.43,NaN,0.0605806135584415,0.0272991529973966,0,5,D,4,1148,401148,2014-10-07,Full,Amarok,8,1.02067751869776
GEP8,D6,SCN100,26.32,26.55,29.035,NaN,NaN,0.178624267467636,0,0,6,D,4,100,400100,2014-10-14,None,Saracen,8,1.02067751869776
GEP8,D7,BW271,27.27,26.855,33.77,NaN,NaN,0.00828662297943922,0,0,7,D,4,271,400271,2014-10-14,None,Batten Win,8,1.02067751869776
GEP8,D8,BS1054,28.41,27.94,31.635,NaN,NaN,0.0772136648204329,0,0,8,D,4,1054,401054,2014-10-15,Full,Batten Spr,8,1.02067751869776
GEP8,D9,BW1171,27.2866666666667,27.2266666666667,29.67,NaN,NaN,0.183858358023243,0,0,9,D,4,1171,401171,2014-10-15,Full,Batten Win,8,1.02067751869776
GEP8,E1,AMK1160,27.725,27.5533333333333,29.66,NaN,NaN,0.232182852509637,0,0,1,E,4,1160,401160,2014-09-30,Full,Amarok,8,1.02067751869776
GEP8,E11,BS78,26.4166666666667,26.075,28.935,NaN,NaN,0.137738139484576,0,0,11,E,4,78,400078,2014-10-20,None,Batten Spr,8,1.02067751869776
GEP8,E12,BS1070,28.58,27.545,30.665,NaN,NaN,0.11502345632811,0,0,12,E,4,1070,401070,2014-10-21,Full,Batten Spr,8,1.02067751869776
GEP8,E2,CRWT329,28.815,28.465,NaN,NaN,NaN,0,0,0,2,E,4,329,400329,2014-10-06,None,CRWT153,8,1.02067751869776
GEP8,E3,BS62,27.42,27.375,30.18,NaN,NaN,0.143090520074836,0,0,3,E,4,62,400062,2014-10-06,None,Batten Spr,8,1.02067751869776
GEP8,E4,SCN1104,26.83,26.705,27.8566666666667,NaN,NaN,0.450104949209055,0,0,4,E,4,1104,401104,2014-10-07,Full,Saracen,8,1.02067751869776
GEP8,E5,AMK1149,27.025,26.8766666666667,31.115,33.55,NaN,0.0529827547595626,0.00979775319961145,0,5,E,4,1149,401149,2014-10-07,Full,Amarok,8,1.02067751869776
GEP8,E6,CRWT359,26.26,26.58,NaN,NaN,NaN,0,0,0,6,E,4,359,400359,2014-10-14,None,CRWT153,8,1.02067751869776
GEP8,E7,BW248,26.5666666666667,26.375,33.78,NaN,NaN,0.00590028353735478,0,0,7,E,4,248,400248,2014-10-14,None,Batten Win,8,1.02067751869776
GEP8,E8,BS1061,27.665,26.765,30.31,NaN,NaN,0.0856739253112314,0,0,8,E,4,1061,401061,2014-10-15,Full,Batten Spr,8,1.02067751869776
GEP8,E9,OT1032,26.7366666666667,26.1,27.85,NaN,33.97,0.29730177875068,0,0.00427458477054977,9,E,4,1032,401032,2014-10-15,Full,Otane,8,1.02067751869776
GEP8,F1,BW1165,28.195,27.65,30.32,NaN,NaN,0.157126671815228,0,0,1,F,4,1165,401165,2014-09-30,Full,Batten Win,8,1.02067751869776
GEP8,F10,CRWT327,26.3933333333333,26.565,NaN,NaN,NaN,0,0,0,10,F,4,327,400327,2014-10-20,None,CRWT153,8,1.02067751869776
GEP8,F11,BS68,25.83,25.95,28.92,NaN,NaN,0.127626515713399,0,0,11,F,4,68,400068,2014-10-20,None,Batten Spr,8,1.02067751869776
GEP8,F12,BS1067,26.44,26.465,28.86,NaN,NaN,0.190122344155126,0,0,12,F,4,1067,401067,2014-10-21,Full,Batten Spr,8,1.02067751869776
GEP8,F2,CRWT334,27.5866666666667,27.555,NaN,NaN,NaN,0,0,0,2,F,4,334,400334,2014-10-06,None,CRWT153,8,1.02067751869776
GEP8,F3,BW1186,26.905,26.705,29.355,NaN,NaN,0.159320078414908,0,0,3,F,4,1186,401186,2014-10-07,Full,Batten Win,8,1.02067751869776
GEP8,F4,CRWT1253,25.645,25.5466666666667,28.8166666666667,NaN,NaN,0.103664943226805,0,0,4,F,4,1253,401253,2014-10-07,Full,CRWT153,8,1.02067751869776
GEP8,F5,AMK1147,26.535,26.12,29.05,NaN,33.42,0.131214585452883,0,0.00634572184653307,5,F,4,1147,401147,2014-10-07,Full,Amarok,8,1.02067751869776
GEP8,F6,CRWT342,26.845,26.625,NaN,NaN,NaN,0,0,0,6,F,4,342,400342,2014-10-14,None,CRWT153,8,1.02067751869776
GEP8,F7,CRWT1262,27.9133333333333,28.035,NaN,NaN,NaN,0,0,0,7,F,4,1262,401262,2014-10-15,Full,CRWT153,8,1.02067751869776
GEP8,F8,BS1055,27.345,26.275,29.135,NaN,NaN,0.137738139484576,0,0,8,F,4,1055,401055,2014-10-15,Full,Batten Spr,8,1.02067751869776
GEP8,F9,OT1028,27.47,27.42,28.575,NaN,33.835,0.449066186441968,0,0.0117190546037955,9,F,4,1028,401028,2014-10-15,Full,Otane,8,1.02067751869776
GEP8,G10,CRWT358,25.6733333333333,26.105,NaN,NaN,NaN,0,0,0,10,G,4,358,400358,2014-10-20,None,CRWT153,8,1.02067751869776
GEP8,G11,BW1214,24.3866666666667,25.0333333333333,27.92,NaN,NaN,0.135215583260013,0,0,11,G,4,1214,401214,2014-10-21,Full,Batten Win,8,1.02067751869776
GEP8,G12,BS1074,27.0066666666667,26.86,29.7,NaN,NaN,0.139660892259028,0,0,12,G,4,1074,401074,2014-10-21,Full,Batten Spr,8,1.02067751869776
GEP8,G2,CRWT350,28.8566666666667,28.235,NaN,NaN,NaN,0,0,0,2,G,4,350,400350,2014-10-06,None,CRWT153,8,1.02067751869776
GEP8,G3,OT1024,27.1933333333333,27.055,28.465,NaN,34.355,0.376311686852767,0,0.00634572184653307,3,G,4,1024,401024,2014-10-07,Full,Otane,8,1.02067751869776
GEP8,G4,CRWT1246,25.735,26.27,29.815,NaN,NaN,0.0856739253112316,0,0,4,G,4,1246,401246,2014-10-07,Full,CRWT153,8,1.02067751869776
GEP8,G5,AMK172,28.385,28.855,NaN,NaN,NaN,0,0,0,5,G,4,172,400172,2014-10-14,None,Amarok,8,1.02067751869776
GEP8,G6,CRWT324,27.505,27.22,NaN,NaN,NaN,0,0,0,6,G,4,324,400324,2014-10-14,None,CRWT153,8,1.02067751869776
GEP8,G7,CRWT1267,25.685,26.04,29.21,NaN,NaN,0.111105335145821,0,0,7,G,4,1267,401267,2014-10-15,Full,CRWT153,8,1.02067751869776
GEP8,G8,SCN1110,29.34,28.22,30.28,NaN,NaN,0.239816029831316,0,0,8,G,4,1110,401110,2014-10-15,Full,Saracen,8,1.02067751869776
GEP8,G9,OT1029,26.99,26.655,27.625,NaN,34.505,0.510506062853597,0,0.00433425575026504,9,G,4,1029,401029,2014-10-15,Full,Otane,8,1.02067751869776
GEP8,H1,AMK210,28.325,28.495,NaN,NaN,NaN,0,0,0,1,H,4,210,400210,2014-10-06,None,Amarok,8,1.02067751869776
GEP8,H10,BW254,26.435,26.45,32.335,NaN,NaN,0.0169214850863426,0,0,10,H,4,254,400254,2014-10-20,None,Batten Win,8,1.02067751869776
GEP8,H11,BW1215,27.15,27.04,30.085,NaN,NaN,0.121161227116883,0,0,11,H,4,1215,401215,2014-10-21,Full,Batten Win,8,1.02067751869776
GEP8,H12,SCN1086,26.495,27.035,29.09,NaN,NaN,0.240648610775438,0,0,12,H,4,1086,401086,2014-10-21,Full,Saracen,8,1.02067751869776
GEP8,H2,SCN113,28.31,28.33,29.72,NaN,NaN,0.38156480224014,0,0,2,H,4,113,400113,2014-10-06,None,Saracen,8,1.02067751869776
GEP8,H3,BW1181,27.455,27.435,30.115,NaN,NaN,0.156041318612702,0,0,3,H,4,1181,401181,2014-10-07,Full,Batten Win,8,1.02067751869776
GEP8,H5,AMK203,28.42,28.5,NaN,NaN,NaN,0,0,0,5,H,4,203,400203,2014-10-14,None,Amarok,8,1.02067751869776
GEP8,H6,BS45,26.67,26.715,29.69,NaN,NaN,0.127184961512836,0,0,6,H,4,45,400045,2014-10-14,None,Batten Spr,8,1.02067751869776
GEP8,H7,CRWT1245,23.3533333333333,23.97,30.055,NaN,NaN,0.0147310083737225,0,0,7,H,4,1245,401245,2014-10-15,Full,CRWT153,8,1.02067751869776
GEP8,H8,SCN1116,29.85,29.075,31.265,NaN,NaN,0.219151430329009,0,0,8,H,4,1116,401116,2014-10-15,Full,Saracen,8,1.02067751869776
GEP8,H9,SCN99,27.8033333333333,27.39,28.925,NaN,NaN,0.345079338349157,0,0,9,H,4,99,400099,2014-10-20,None,Saracen,8,1.02067751869776
GEP9,A1,SCN1112,26.195,28.92,27.18,NaN,NaN,3.34035167771348,0,0,1,A,4,1112,401112,2014-10-21,Full,Saracen,8,0.944112859468258
GEP9,A10,BS1051,23.7633333333333,25.725,25.5433333333333,NaN,NaN,1.1341934003407,0,0,10,A,4,1051,401051,2014-11-04,Full,Batten Spr,8,0.944112859468258
GEP9,A11,SCN1087,28.915,30.565,29.57,NaN,NaN,1.99308052565573,0,0,11,A,4,1087,401087,2014-11-11,Full,Saracen,8,0.944112859468258
GEP9,A12,BW1190,28.26,29.805,28.83,NaN,NaN,1.9656411970905,0,0,12,A,4,1190,401190,2014-11-11,Full,Batten Win,8,0.944112859468258
GEP9,A2,BW1172,27.33,29.01,27.86,NaN,NaN,2.21913894413569,0,0,2,A,4,1172,401172,2014-10-28,Full,Batten Win,8,0.944112859468258
GEP9,A4,OT1030,25.7933333333333,27.96,26.56,NaN,33.51,2.63901582154579,0,0.0213443790117875,4,A,4,1030,401030,2014-10-28,Full,Otane,8,0.944112859468258
GEP9,A5,AMK207,25.69,28.19,NaN,31.675,NaN,0,0.0893121337338184,0,5,A,4,207,400207,2014-10-28,None,Amarok,8,0.944112859468258
GEP9,B1,SCN1105,26.865,29.355,28.05,NaN,NaN,2.47083727425386,0,0,1,B,4,1105,401105,2014-10-21,Full,Saracen,8,0.944112859468258
GEP9,B10,BS1058,22.79,24.7566666666667,24.59,NaN,NaN,1.12246204830937,0,0,10,B,4,1058,401058,2014-11-04,Full,Batten Spr,8,0.944112859468258
GEP9,B11,BS1035,29.46,30.915,30.185,NaN,NaN,1.65863909162888,0,0,11,B,4,1035,401035,2014-11-11,Full,Batten Spr,8,0.944112859468258
GEP9,B12,CRWT1220,24.37,26.755,26.74,NaN,NaN,1.01045144648677,0,0,12,B,4,1220,401220,2014-11-11,Full,CRWT153,8,0.944112859468258
GEP9,B2,BW1165,25.885,28.29,27.8133333333333,NaN,NaN,1.39152484417842,0,0,2,B,4,1165,401165,2014-10-28,Full,Batten Win,8,0.944112859468258
GEP9,B3,BS1072,24.17,26.53,25.67,NaN,NaN,1.81503831063432,0,0,3,B,4,1072,401072,2014-10-28,Full,Batten Spr,8,0.944112859468258
GEP9,B4,OT1021,28.22,29.565,28.39,NaN,33.8,2.25792880961226,0,0.0531053124461657,4,B,4,1021,401021,2014-10-28,Full,Otane,8,0.944112859468258
GEP9,B5,AMK168,24.4,27.135,NaN,NaN,NaN,0,0,0,5,B,4,168,400168,2014-10-28,None,Amarok,8,0.944112859468258
GEP9,B6,BS86,23.785,25.78,25.9,NaN,NaN,0.920187650624877,0,0,6,B,4,86,400086,2014-11-03,None,Batten Spr,8,0.944112859468258
GEP9,B7,AMK186,27.15,29.29,NaN,NaN,NaN,0,0,0,7,B,4,186,400186,2014-11-03,None,Amarok,8,0.944112859468258
GEP9,B8,CRWT1251,27.8866666666667,29.1,29.795,NaN,NaN,0.617709318563464,0,0,8,B,4,1251,401251,2014-11-04,Full,CRWT153,8,0.944112859468258
GEP9,B9,BW1166,23.225,25.705,25.285,NaN,NaN,1.33792755478611,0,0,9,B,4,1166,401166,2014-11-04,Full,Batten Win,8,0.944112859468258
GEP9,C1,AMK1140,28.0433333333333,29.055,30.755,32.46,NaN,0.307786103336228,0.0944045365976765,0,1,C,4,1140,401140,2014-10-21,Full,Amarok,8,0.944112859468258
GEP9,C10,CRWT1268,25.39,27.61,28.375,NaN,NaN,0.588453368609383,0,0,10,C,4,1268,401268,2014-11-11,Full,CRWT153,8,0.944112859468258
GEP9,C11,SCN1096,24.615,27.3,26.455,NaN,NaN,1.79626474576787,0,0,11,C,4,1096,401096,2014-11-11,Full,Saracen,8,0.944112859468258
GEP9,C12,BW1193,25.17,27.115,26.65,NaN,NaN,1.38031735339663,0,0,12,C,4,1193,401193,2014-11-11,Full,Batten Win,8,0.944112859468258
GEP9,C2,BW1177,25.34,27.875,28.3,NaN,NaN,0.744838731561353,0,0,2,C,4,1177,401177,2014-10-28,Full,Batten Win,8,0.944112859468258
GEP9,C3,BS1048,27.9133333333333,29.42,28.7,NaN,NaN,1.64718203453514,0,0,3,C,4,1048,401048,2014-10-28,Full,Batten Spr,8,0.944112859468258
GEP9,C4,BW220,25.4533333333333,27.685,28.645,NaN,NaN,0.514056913328034,0,0,4,C,4,220,400220,2014-10-28,None,Batten Win,8,0.944112859468258
GEP9,C5,AMK197,24.4333333333333,27.0766666666667,NaN,32.63,NaN,0,0.021295119952888,0,5,C,4,197,400197,2014-10-28,None,Amarok,8,0.944112859468258
GEP9,C6,BS79,26.91,28.68,28.705,NaN,NaN,0.982820598545252,0,0,6,C,4,79,400079,2014-11-03,None,Batten Spr,8,0.944112859468258
GEP9,C7,CRWT352,27.32,28.81,NaN,NaN,NaN,0,0,0,7,C,4,352,400352,2014-11-03,None,CRWT153,8,0.944112859468258
GEP9,C8,CRWT1242,22.485,25.36,26.935,NaN,NaN,0.335643125695065,0,0,8,C,4,1242,401242,2014-11-04,Full,CRWT153,8,0.944112859468258
GEP9,C9,BW1187,24.2766666666667,26.42,26.83,NaN,NaN,0.752623373705535,0,0,9,C,4,1187,401187,2014-11-04,Full,Batten Win,8,0.944112859468258
GEP9,D1,AMK1139,25.22,27.365,29.895,32.885,NaN,0.173138683513865,0.0217928697867251,0,1,D,4,1139,401139,2014-10-21,Full,Amarok,8,0.944112859468258
GEP9,D10,CRWT1263,26.75,28.84,29.4,NaN,NaN,0.678302163723837,0,0,10,D,4,1263,401263,2014-11-11,Full,CRWT153,8,0.944112859468258
GEP9,D11,BS1045,25.87,27.425,26.6,NaN,NaN,1.77153503820472,0,0,11,D,4,1045,401045,2014-11-11,Full,Batten Spr,8,0.944112859468258
GEP9,D12,AMK1135,25.135,26.695,25.68,NaN,NaN,2.02090289297353,0,0,12,D,4,1135,401135,2014-11-11,Full,Amarok,8,0.944112859468258
GEP9,D2,AMK1136,26.8666666666667,29.52,27.81,NaN,NaN,3.27160823423113,0,0,2,D,4,1136,401136,2014-10-28,Full,Amarok,8,0.944112859468258
GEP9,D3,BS1049,26.76,28.525,27.695,NaN,NaN,1.77768536233314,0,0,3,D,4,1049,401049,2014-10-28,Full,Batten Spr,8,0.944112859468258
GEP9,D4,BW250,24.63,26.8233333333333,30.645,NaN,NaN,0.0707234926367811,0,0,4,D,4,250,400250,2014-10-28,None,Batten Win,8,0.944112859468258
GEP9,D5,SCN132,23,25.905,25.01,NaN,NaN,1.85960988522633,0,0,5,D,4,132,400132,2014-10-28,None,Saracen,8,0.944112859468258
GEP9,D6,BS67,25.705,27.92,28.465,NaN,NaN,0.685391402489853,0,0,6,D,4,67,400067,2014-11-03,None,Batten Spr,8,0.944112859468258
GEP9,D7,CRWT302,27.7366666666667,30.575,NaN,NaN,NaN,0,0,0,7,D,4,302,400302,2014-11-03,None,CRWT153,8,0.944112859468258
GEP9,D8,OT1014,28.975,30.34,30.205,NaN,NaN,1.09809281378705,0,0,8,D,4,1014,401014,2014-11-04,Full,Otane,8,0.944112859468258
GEP9,D9,BW1178,24.41,26.375,26.375,NaN,NaN,1,0,0,9,D,4,1178,401178,2014-11-04,Full,Batten Win,8,0.944112859468258
GEP9,E1,AMK1145,24.77,27.205,31.66,31.655,NaN,0.0455943857575054,0.0457526779983007,0,1,E,4,1145,401145,2014-10-21,Full,Amarok,8,0.944112859468258
GEP9,E10,CRWT1240,23.225,25.6033333333333,27.93,NaN,NaN,0.1993441720983,0,0,10,E,4,1240,401240,2014-11-11,Full,CRWT153,8,0.944112859468258
GEP9,E11,SCN1088,24.245,25.9866666666667,25.08,NaN,NaN,1.87470899311996,0,0,11,E,4,1088,401088,2014-11-11,Full,Saracen,8,0.944112859468258
GEP9,E2,AMK1142,25.1133333333333,27.98,26.82,NaN,NaN,2.23457427614444,0,0,2,E,4,1142,401142,2014-10-28,Full,Amarok,8,0.944112859468258
GEP9,E3,CRWT1265,28.3,29.94,32.365,NaN,NaN,0.186209682890337,0,0,3,E,4,1265,401265,2014-10-28,Full,CRWT153,8,0.944112859468258
GEP9,E5,SCN125,23.3433333333333,25.99,24.97,NaN,NaN,2.02791895958006,0,0,5,E,4,125,400125,2014-10-28,None,Saracen,8,0.944112859468258
GEP9,E6,SCN132,25.69,27.965,27.15,NaN,NaN,1.75929815184487,0,0,6,E,4,132,400132,2014-11-03,None,Saracen,8,0.944112859468258
GEP9,E7,CRWT299,23.98,26.6333333333333,33.4,NaN,NaN,0.0091839680178407,0,0,7,E,4,299,400299,2014-11-03,None,CRWT153,8,0.944112859468258
GEP9,E8,OT1022,26.05,27.945,27.01,NaN,30.68,1.91189063518749,0,0.150204506190856,8,E,4,1022,401022,2014-11-04,Full,Otane,8,0.944112859468258
GEP9,E9,SCN1103,23.215,26.0566666666667,24.725,NaN,NaN,2.51693274487773,0,0,9,E,4,1103,401103,2014-11-04,Full,Saracen,8,0.944112859468258
GEP9,F10,CRWT306,22.12,24.8666666666667,32.5,NaN,NaN,0.00503660276734211,0,0,10,F,4,306,400306,2014-11-11,None,CRWT153,8,0.944112859468258
GEP9,F11,BS1057,25.22,26.935,26.4933333333333,NaN,NaN,1.35817244382732,0,0,11,F,4,1057,401057,2014-11-11,Full,Batten Spr,8,0.944112859468258
GEP9,F2,AMK1158,27.1133333333333,30.15,28.77,NaN,NaN,2.60268371088387,0,0,2,F,4,1158,401158,2014-10-28,Full,Amarok,8,0.944112859468258
GEP9,F3,CRWT1241,25.35,27.01,29.005,NaN,NaN,0.250867937127376,0,0,3,F,4,1241,401241,2014-10-28,Full,CRWT153,8,0.944112859468258
GEP9,F4,CRWT313,25.585,28.4,32.275,NaN,NaN,0.0681567332915786,0,0,4,F,4,313,400313,2014-10-28,None,CRWT153,8,0.944112859468258
GEP9,F5,SCN142,25.12,27.8,26.4,NaN,NaN,2.63901582154579,0,0,5,F,4,142,400142,2014-10-28,None,Saracen,8,0.944112859468258
GEP9,F6,SCN103,24.8033333333333,27.455,26.74,NaN,NaN,1.64148321762099,0,0,6,F,4,103,400103,2014-11-03,None,Saracen,8,0.944112859468258
GEP9,F7,BW268,24.135,26.32,27.305,NaN,NaN,0.505225723243382,0,0,7,F,4,268,400268,2014-11-03,None,Batten Win,8,0.944112859468258
GEP9,F8,OT1018,23.33,25.8033333333333,25.365,NaN,NaN,1.35503802158111,0,0,8,F,4,1018,401018,2014-11-04,Full,Otane,8,0.944112859468258
GEP9,F9,SCN1102,22.355,25.2,24.305,NaN,NaN,1.85960988522632,0,0,9,F,4,1102,401102,2014-11-04,Full,Saracen,8,0.944112859468258
GEP9,G1,OT1031,26.76,28.38,27.4966666666667,NaN,NaN,1.84463238717188,0,0,1,G,4,1031,401031,2014-10-21,Full,Otane,8,0.944112859468258
GEP9,G10,CRWT337,25.49,27.025,NaN,NaN,NaN,0,0,0,10,G,4,337,400337,2014-11-11,None,CRWT153,8,0.944112859468258
GEP9,G11,AMK1134,23.755,26.2433333333333,24.935,NaN,32.76,2.47655272075488,0,0.0109216401107735,11,G,4,1134,401134,2014-11-11,Full,Amarok,8,0.944112859468258
GEP9,G2,SCN1100,26.215,28.64,27.08,NaN,NaN,2.94853843458221,0,0,2,G,4,1100,401100,2014-10-28,Full,Saracen,8,0.944112859468258
GEP9,G3,CRWT1247,27.325,29.615,31.56,NaN,NaN,0.259714775824416,0,0,3,G,4,1247,401247,2014-10-28,Full,CRWT153,8,0.944112859468258
GEP9,G5,BS86,25.1666666666667,27.125,26.775,NaN,NaN,1.27456062731926,0,0,5,G,4,86,400086,2014-10-28,None,Batten Spr,8,0.944112859468258
GEP9,G6,SCN125,24.46,26.66,25.655,NaN,NaN,2.006943497019,0,0,6,G,4,125,400125,2014-11-03,None,Saracen,8,0.944112859468258
GEP9,G7,BW239,25.3366666666667,26.58,27.485,NaN,NaN,0.534032704023925,0,0,7,G,4,239,400239,2014-11-03,None,Batten Win,8,0.944112859468258
GEP9,G8,AMK1157,25.1366666666667,26.77,25.4766666666667,NaN,NaN,2.45093688505826,0,0,8,G,4,1157,401157,2014-11-04,Full,Amarok,8,0.944112859468258
GEP9,G9,SCN1111,22.675,25.485,24.385,NaN,NaN,2.14354692507259,0,0,9,G,4,1111,401111,2014-11-04,Full,Saracen,8,0.944112859468258
GEP9,H1,OT1016,26.92,28.61,27.325,NaN,33.57,2.43682052735038,0,0.0321285570830021,1,H,4,1016,401016,2014-10-21,Full,Otane,8,0.944112859468258
GEP9,H10,CRWT296,22.955,25.205,31.845,NaN,NaN,0.0100267648247102,0,0,10,H,4,296,400296,2014-11-11,None,CRWT153,8,0.944112859468258
GEP9,H11,BW1198,23.545,25.83,25.33,NaN,NaN,1.4142135623731,0,0,11,H,4,1198,401198,2014-11-11,Full,Batten Win,8,0.944112859468258
GEP9,H2,SCN1108,25.94,27.795,26.485,NaN,NaN,2.47941539987798,0,0,2,H,4,1108,401108,2014-10-28,Full,Saracen,8,0.944112859468258
GEP9,H3,OT1023,27.27,29.64,27.455,NaN,33.5,4.54726789294406,0,0.0688690697422882,3,H,4,1023,401023,2014-10-28,Full,Otane,8,0.944112859468258
GEP9,H4,CRWT352,25.015,27.315,NaN,NaN,NaN,0,0,0,4,H,4,352,400352,2014-10-28,None,CRWT153,8,0.944112859468258
GEP9,H5,BS67,25.185,27.485,27.165,NaN,NaN,1.24833054890161,0,0,5,H,4,67,400067,2014-10-28,None,Batten Spr,8,0.944112859468258
GEP9,H6,AMK182,22.57,24.895,33.16,32.82,NaN,0.0032507763074669,0.00411469154669858,0,6,H,4,182,400182,2014-11-03,None,Amarok,8,0.944112859468258
GEP9,H7,BW258,24.95,26.305,29.06,NaN,NaN,0.148136596367697,0,0,7,H,4,258,400258,2014-11-03,None,Batten Win,8,0.944112859468258
GEP9,H8,AMK1160,27.555,28.39,27.885,NaN,NaN,1.41912335620038,0,0,8,H,4,1160,401160,2014-11-04,Full,Amarok,8,0.944112859468258
GEP9,H9,BS1073,22.875,24.77,24.495,NaN,NaN,1.20999408921929,0,0,9,H,4,1073,401073,2014-11-04,Full,Batten Spr,8,0.944112859468258
